lang_id,ISO6393,words,completeness,language,macroarea,family,ONE,TWO,PERSON,FISH,DOG,LOUSE,TREE,LEAF,SKIN,BLOOD,BONE,HORN (ANATOMY),EAR,EYE,NOSE,TOOTH,TONGUE,KNEE,BREAST,LIVER,DRINK,SEE,HEAR,DIE,COME,STAR,WATER,STONE,FIRE,PATH,MOUNTAIN,NIGHT,FULL,NEW,NAME,SUN,HAND,I,THOU,WE
AFAR_3,aar,40,100,Afar,Africa,Afro-Asiatic,inkittu,namay,sehada,kulum,kuta,inkaX,Xada,ayufta,arab,Xabal,lafa,gaysa,ayti,inti,san,kalassino,af,gulub,aNu,kalba,oXobe,uble,obe,rabe,dikkaedXe,Xutuka,le,da,gira,gaXeyna,Xale,bar,kibime,Xusba,migaX,ayro,gaba,anu,ko,nanu
ABKHAZ_2,abk,40,100,Abkhaz,Eurasia,Abkhaz-Adyge,ok3,ybo,ouoy3,ops3c,olo,oco,oclo,obXi,oc3o,oSo,boy,ot33yo,ol3mXo,olo,op3nco,oXop3c,obz,oSomX3,og33pX33,og3oc3o,oZ3ro,oboro,oXoro,opsro,oro,oEc3o,oc3,oXoX3,omco,omX3osto,oSXo,ocX,ozno,ott3c,oXc,omro,onop3,so,boro,Xoro
ACEH,ace,37,92.5,Acehnese,Papunesia,Austronesian,so,duwo,ureureN,euN7ot,osEe,gutEe,bo7,on,ulet,doroh,tuleuN,NA,geuli5euN,moto,idoN,gigoe,diloh,teuot,obin,ote,Tep,olon,deuNo,mote,NA,bintoN,NA,botEe,opui,TuroN,gunoN,molom,peunoh,boro,non,moto uroe,Toroe,lon,goto,geuto5oe
ADYGHE_2,ady,40,100,West Circassian,Eurasia,Abkhaz-Adyge,z3,t,c3f3,pcaZ3y,ba,ca,C3x3,tXap,C3S3,L3,q3pSXa,bZa,tXakm,na,pa,ca,bzag3,Laganj,bXa,S,yaSan,laXn,zaxax3n,Lan,qakwan,ZaXa,ps3,m3Za,maSwa,LaX3,q3SXa,CaS3,y3z,ka,ca,t3Xa,atXac3,sa,wa,ta
AFRIKAANS,afr,40,100,Afrikaans,Africa,Indo-European,en,te,mEs,fis,hont,lEis,bom,blor,fEl,blut,ben,horiN,or,ox,nes,tant,toN,kni,bors,lev3r,driNk,sin,hor,stErf,kom,stEr,vat3r,klip,fur,pat,bErk,nax,fol,nut,nam,son,hant,Ek,y3i,os
TWI_ASANTE,aka,35,87.5,Akan,Africa,Atlantic-Congo,bako,mmienu,onipa,nsuomnam,okraman,noroso,dua,ahahan,NA,moja,nnome,NA,aso,ani,ahene,ase,katrama,kotodwe,nufo,NA,nom,ha,te,wu,bra,NA,nsuo,aboe,eja,akan,bepo,anadwo,NA,foforo,edin,awia,nsa,me,wo,yan
ALBANIAN,als,40,100,Northern Tosk Albanian,Eurasia,Indo-European,Ne,di,vet3,peSk,Ten,morr,dru,Tethe,l3kur3,Tak,aSt,bri,veS,si,hund3,8Emb,Tuh3,Tu,kraharor,m3lCi,pirye,Soh,d3gyoy,vdes,viy,ill,uj3,gur,ndez,Steg,mal,nat3,e mbuSur plot me,i ri,em3r,dyell,dor3,un3,ju,ne
ALTAI,alt,27,67.5,Southern Altai,Eurasia,Turkic,NA,aki,kiZi,baluk,it,bit,tarak,Talburaq,tara,NA,sak,mis,qulaq,qaraq,tumCuq,NA,til,NA,taS,bur,NA,NA,NA,NA,NA,Tuldus,NA,taS,ot,Tol,NA,tin,NA,TaNa,NA,kin,kol,man,san,bis
AMHARIC,amh,40,100,Amharic,Africa,Afro-Asiatic,an,hul3t,s3w,asa,w3Sa,k3mal,zaf,k3t3l,koda,d3m,at3nt,k3n,joro,ayn,af3nCa,t3rs,m3las,gulb3t,tut,gub3t,t3ta,ay3,s3ma,mot3,m3ta,kok3b,w3ha,d3niya,3sat,m3n3d,t3rara,lelit,mulu,adis,s3m,s3hay,3j,3ne,an3,a5a
FARANG_AMIS,ami,35,87.5,Amis,Papunesia,Austronesian,c3cay,tusa7,NA,futiN,wacu7,kutu7,kilaN,papah,faN3s,ilaN,Xukak,NA,taNila7,mata7,NusuX,waLis,s3ma7,NA,cucu7,Xatay,minanum,maXaraw,mit3Nir,mapatay,puhay,fuXes,nanum,fakluh,namal,lalan,NA,lavi7i7,NA,fa7roh,naNan,ta7NaL,ulima7,kaku,kisu,kita
OLD_ENGLISH,ang,40,100,Old English (ca. 450-1100),Eurasia,Indo-European,an,tegen,man,fisk,hund,lus,treow,leaf,hid,blod,ban,horn,eare,eage,nosu,to8,tuNe,kneow,breost,lifer,driNk8,sie8,hier8,stierf8,kim8,steora,wEter,stan,fir,weg,beorg,nit,ful,niowe,nama,sune,hand,ik,8u,we
OBOLO,ann,38,95,Obolo,Africa,Atlantic-Congo,ge,iba,ne,riN,bo,duk,ti,NaN,ka,je,kuk,du,toN,CiEN,NoN,jEt,lom,kat ukot,bE,NA,NoN,ko,no,ku,na,tru oyaN,muN,wu,kaN,NA,goN,ririEN,ojot,ayaya,riEN,ra,ka Ejit ubok,Emi,owu,Ezi
ANGIKA,anp,20,50,Angika,Eurasia,Indo-European,ek,dui,NA,NA,kukur,NA,gaC,NA,NA,NA,har,NA,kan,aik,nak,dat,yi,NA,NA,NA,NA,NA,NA,maru,ia,tara,pani,NA,agi,NA,NA,NA,NA,NA,NA,sury,hat,hame,toi,hamrani
STANDARD_ARABIC_2,arb,40,100,Standard Arabic,Eurasia,Afro-Asiatic,waXid,i8nayn,insan,samak,kalb,qamla,Sajara,waraqa,baSara,dam,Xodm,qarn,u8un,Xain,anf,sinn,lisan,rukba,8ady,kabid,Sariba,ra7a,samiXa,mata,ata,najm,ma7,Xajar,nar,darb,jabal,laila,mali7,jadid,ism,Sams,yad,ana,anti,naXnu
ARAGONESE,arg,40,100,Aragonese,Eurasia,Indo-European,un,dos,ombre,peS,kan,pegoLo,arbol,fueLa,piel,saNgre,geso,kerno,oreLa,geLo,nari8,dien,lueNga,CinoLo,peito,figado,beber,beyer,sentir,morir,benir,estrela,auga,pe5a,fuego,kamin,mon,nueit,pleno,nuebo,nombre,sol,man,yo,tu,nusatros
MOROCCAN_ARABIC_2,ary,40,100,Moroccan Arabic,Africa,Afro-Asiatic,waXed,ZuZ,siyed,Xut,kelb,qemla,SeZra,werqa,Zeld,demm,Xdem,qern,wden,Xeyn,nif,senn,lsan,rokba,bezzula,kebda,Sreb,Saf,smeX,mat,Za,neZma,ma,XeZra,Xafya,triq,Zbel,lila,Xamer,Zdid,smiya,SemS,idd,ana,nta,Xna
CAIRO_ARABIC,arz,40,100,Egyptian Arabic,Africa,Afro-Asiatic,waXid,itneen,Saxs,samak,kalb,7amla,Sagara,war7a,gild,damm,Xadma,7arn,widn,Xen,manaxiir,sinn,lisan,rukba,nahd,kibda,Sirib,Saf,simiX,mat,ga,nigma,mayya,Xagara,nar,tari7,gabal,lela,malyan,gidid,ism,Sams,id,ana,inta,iXna
ASSAMESE,asm,37,92.5,Assamese,Eurasia,Indo-European,ak,dui,purux,mas,kukur,okoni,gos,pat,sal,taz,har,xiN,kan,soku,nak,dat,ziba,NA,NA,zokrit,pi,dak,xun,mor,ah,tora,pani,xil,zui,bat,porbot,rati,bora,notun,nam,xurzzo,hat,moe,NA,ami
ASTURIAN,ast,39,97.5,Asturian-Leonese-Cantabrian,Eurasia,Indo-European,un,dos,persona,peSe,perru,pioyu,arbol,fueya,piel,saNgre,uesu,kuernu,oreya,ueyu,nari8es,diente,paladar,rodia,peCu,NA,beber,ver,oyer,morrer,venir,estrella,agua,piedra,fueu,kamin,monte,nueCe,Leno,nuevu,nome,sol,mano,yo,tu,nos
ATIKAMEKW,atj,37,92.5,Atikamekw,North America,Algic,nikot,nisino,NA,amek,astim,ikko,attik,pak,asaka,mikko,kan,eskan,itt,ap,kkot,apit,eran,iCCikan,CiCiss,skon,minikke,apam,itt,nipo,peisa,aCakkoss,ap,apisk,awe,iskanawe,at,tipisk,askin,oski,nikkat,kisik,CiCCan,nin,NA,NA
AVAR,ava,40,100,Avar,Eurasia,Nakh-Daghestanian,so,kigo,Ci,CuXa,hE,nac,XEt,tamaX,qal,bi,ratLa,tar,Xin,bEr,mEXEr,ca,mac,naku,kErEn,tul,hEqEzE,ixizE,aXizE,XEzE,aCinE,ca,Lin,gamaC,ca,suqmaq,mEXEr,sordo,cura,ciya,car,baq,kEr,dun,mun,niL
AWADHI,awa,37,92.5,Awadhi,Eurasia,Indo-European,ek,dui,j3ne,maCeriz,kut3wa,jua,birawar,pata,Tam,kun,har,NA,kan,aki,nekura,dat,jibh,tenuna,aTar,NA,pi,dekhu,sun,m3r,a,n3kh3t,pani,pat3r,agi,paira,NA,rati,b3ri,n3i,nau,gam,hat,m3i,tui,h3m
CENTRAL_AYMARA,ayr,40,100,Central Aymara,South America,Aymaran,maya,paya,xaqe,Calwa,anu,lapa,qoqa,laqa,xanCi lipiCi,wila,Caka,wara,xinCu,naira,nasa,laka Caka,lara,qonqori,5u5u,kiuCa,uma5a,u5Xa5a,ista5a,xiwa5a,xuta5a,warawara,uma,qala,nina,taki,kolo,aruma,poqa,maCaqa,suti taqekunana,inti,amara,naya,xuma,nanaka
AZERBAIJANI_SOUTHERN,azb,28,70,South Azerbaijani,Eurasia,Turkic,bir,NA,odom,balux,it,NA,oXoj,yaprax,dari,gon,NA,buX,giS,gez,NA,diS,dil,diz,NA,NA,iCmak,ger,NA,NA,galmak,NA,NA,doS,ot,NA,doX,NA,tox,taza,od,gin,al,man,san,biz
AZERBAIJANI,azj,40,100,North Azerbaijani,Eurasia,Turkic,bir,iki,odom,bolug,it,bit,oxoj,yorpog,dEri,gon,simik,buynuz,gulog,CEz,burun,diS,dil,diz,mEmE,goro jiyEr,iCmEk,CErmEk,duymog,ElmEk,CElmEk,ulduz,su,doS,od,juxur,dox,CEjE,dolu,yEni,od,CinES,El,mEn,sEn,biz
BASHKIR,bak,40,100,Bashkir,Eurasia,Turkic,ber,ike,keSe,baluq,et,bet,axas,yalpaq,tire,qan,heyEk,mege8,qolaq,ki8,tanau,teS,tel,tubuq,kikrEk,baur,esei,kirei,iSetei,ilei,kilei,yondo8,hu,taS,ut,yul,tau,ten,tulu,yaNu,isem,qoyaS,qul,min,hin,be8
BAMBARA_4,bam,40,100,Bambara,Africa,Mande,kElE,filo,mogonifi,jEgE,wulu,5imi,yiri,yiribulu,wolo,joli,kolo,bi5E,tulo,5E,nu,5i,nE,kimbiri,Si,bi5E,mi,ye,mE,so,no,dolo,ji,kobokuru,tosumo,siro,kulu,su,fole,kuro,jomu,tle,tEgE,ne,i,ou
BALI,ban,34,85,Balinese,Papunesia,Austronesian,sa,dadua,anak,be,CiCiN,kutu,NA,don,kulit,getih,tulaN,NA,kupiN,mata,CuNuh,gigi,layah,NA,nono,ati,Ninem,niNalin,niNeh,mati,t3ku,bintaN,yeh,batu,api,ruruN,NA,peteN,NA,mar3,adan,NA,lima,iCaN,Cai ajak mekejaN,iraga
BAVARIAN_GERMAN_2,bar,40,100,Bavarian,Eurasia,Indo-European,oas,Cvea,menS,fiS,hunt,laos,pam,platl,haot,pluat,poa,hoan,oa,aok,nosn,Cont,CuN,kxnia,prust,leva,triNxN,sexN,hEan,Sterm,kxema,StEan,vosa,Stoa,foea,vek,perk,noxt,foe,noe,num,sun,hont,i,tu,mia
TOBA_BATAK,bbc,34,85,Batak Toba,Papunesia,Austronesian,sade,dua,halak,deke,biaN,hutu,NA,buluN,hulikuliN,mudar,holiholi,NA,piNol,mata,iguN,NiNi,dila,NA,susu,ateate,minim,mamereN,mabege,mate,ro,bitaN,aek,batu,api,dalan,NA,borNin,NA,ibaru,goar,NA,taNan,ahu,hamu,hita
LEGAZPI,bcl,40,100,Coastal-Naga Bikol,Papunesia,Austronesian,saruq,duwa,tawu,siraq,qayam,kutu,kahuy,dahun,qunit,duguq,tuqlaN,suNay,taliNa,mata,duNuq,Nipun,dilaq,tuhud,susu,katuy,qinum,qiliN,daNug,gadan,qabut,bituqun,tubig,gapuq,kalayu,dalan,bulud,baNgi,panuq,baqgu,Naran,qaldaw,kamut,qaku,kamu,kita
BAJAU_WEST_COAST,bdr,28,70,West Coast Bajau,Papunesia,Austronesian,isa7,duo,jomo,diN,uwa7,NA,pon,NA,NA,la7,bokog,tanduk,NA,moto,uruN,impon,NA,NA,susu,atay,inum,Nenda7,kale,matay,NA,NA,buwe7,NA,api,lan,gunuN,soNom,NA,NA,oron,NA,taNan,aku,kau,kiti
BELARUSIAN,bel,40,100,Belarusian,Eurasia,Indo-European,acin,dva,CaLavEk,riba,sabaka,voS,drEva,list,skura,krou,koSC,roh,vuxa,voka,nos,zub,yazik,kalEna,hruci,pECa5,piC,baCiC,CuC,pamiraC,prixociC,zorka,vada,kamE5,aho5,daroha,hara,noC,pouni,novi,ima,sonca,daLo5,ya,ti,mi
BENGALI,ben,40,100,Bengali,Eurasia,Indo-European,ek,dui,manuS,maC,kukur,ukun,gaC,pata,Camra,rokto,hari,SiN,kan,Cok,nak,dat,jib,hatu,buk,kolje,pan,dek,Son,mor,aS,tara,pani,pator,agun,rasta,pahar,ratro,bora,notun,nam,Surjo,hat,ami,tumi,amra
BETAWI,bew,26,65,Betawi,Papunesia,Austronesian,satu,dua,oraN,ikan,NA,kutu,puhun,NA,kulit,darE,NA,tanduk,NA,sosok,NA,NA,NA,NA,tEtE7,NA,minum,liat,d3N3r,mati,dat3N,NA,aEr,NA,api,NA,gunuN,mal3m,NA,baru,nama,NA,taNan,anE,3lu,kita
BHOIPURI,bho,29,72.5,Bhojpuri,Eurasia,Indo-European,ek,dui,NA,NA,kukura,NA,ruk,pat,bokola,NA,har,sig,kan,aki,nak,dat,jibi,NA,NA,NA,pi,dek,sun,muwal,NA,naCattar,pani,patal,agi,bat,NA,rati,NA,NA,nam,suruj,hat,me,tu,hama
BISLAMA,bis,36,90,Bislama,Papunesia,Indo-European,wan,tu,man,fis,dog,kuti,wud,lif,skin,blad,bun,NA,sore,NA,nus,tut,taN,NA,titi,NA,driN,lasiri,harem,ded,kam,sita,wota,ston,faya,rod,hil,nat,ful,5u,nem,san,han,mi,yu,yumi
BANJARESE_MALAY,bjn,34,85,Banjar,Papunesia,Austronesian,asa,dua,uraN,iwak,hadupan,kutu,NA,daun,kulit,darah,tulaN,NA,taliNa,mata,hiduN,gigi,ilat,NA,susu,hati,Ninum,lihat,manaNar,mati,dataN,bintaN,ba5u,batu,api,jalan,NA,malam,NA,ha5ar,Naran,NA,taNan,aku,bubuhan,kita
KAREN_PAO,blk,39,97.5,Pa'o Karen,Eurasia,Sino-Tibetan,lo t3,lo vaN ni,lou,ta7 pe,ti,loN,seN m3,a la,a pi,swi,a cut,noN,na la,ma7,bay,t3 Na,pre,kaN leN,NA,a so3n,ua7,ti,x3n,si,lon,ca,ti,louN,me,klay,koN,m3 ke7,boy,t3 sa,min,m3,cu,ki,na,ni
LHASA_TIBETAN,bod,40,100,Tibetan,Eurasia,Sino-Tibetan,Ci,5i,mi,5a,Ti,Si,SiNtuN,loma,pakpa,Ca,rip3,rako,amCo,mi,n3ku,so,Ce,pimu,oma,Cip3,tuN,ta,5E,Si,yoN,kama,Cu,to,me,lam,ri,cEmo,kaNpa,sapa,miN,5im3,lakpa,Na,TeraN,Naco
BOSNIAN,bos,40,100,Bosnian Standard,Eurasia,Indo-European,yedan,dva,osoba,riba,pas,vaS,drvo,list,koZa,krv,kost,rog,uho,oko,nos,zub,yezik,kolyeno,grudi,yetra,piti,vidyeti,uti,umriyeti,doCi,zviyezda,voda,kamen,vatra,cesta,planina,noC,pun,nov,ime,sunce,Saka,ya,ti,mi
BISHNUPURIYA,bpy,36,90,Bishnupriya Manipuri,Eurasia,Indo-European,ek,dui,manu,maC,kukur,NA,gaC,pata,Camra,rokot,ar,hiN,kan,ahi,nak,dat,ju,atu,NA,NA,pani pEna,dEhani,hunani,NA,aha,tara,pani,hil,ji,pot,tENNara,rati,bujani,nua,naN,bEli,at,mi,ti,ami
BRETON,bre,40,100,Breton,Eurasia,Indo-European,inan,dau,dEn,pEsk,ki,lau,gEzEn,dElien,kroxEn,gad,askorn,korn,skuarn,lagad,fri,dant,ted,glin,bron,avu,Evo,gElEt,klEvEt,mErvEl,dont,stErEdEn,dur,men,tan,hEnt,mEnEz,noz,len,nEvEz,anv,hel,dorn,mE,tE,ni
BATAK_MANDAILING,btm,26,65,Batak Mandailing,Papunesia,Austronesian,NA,doea,halak,NA,anjiN,gomit,NA,boeloeN,bobak,daro,NA,NA,piNgol,mata,igoeN,NA,dila,tot,andora,ateate,minoem,NA,tandoek,NA,ro,NA,aek,batoe,api,NA,tor,borNin,boeta,imbaroe,NA,NA,taNan,NA,NA,hita
BUGINESE,bug,37,92.5,Buginese,Papunesia,Austronesian,isaN,dua,tau,bale,asu,utu,NA,dauN,uliq,dara,buku,tanruq,culiN,mata,iN3q,isi,lila,utuq,dada,ate,iruq,ita,s3ddiN,NA,NA,wittoiN,wae,batu,api,lal3N,tanette,w3nni,p3nno,baru,as3N,3sso,lima,i,iko,idiq
BULGARIAN,bul,40,100,Bulgarian,Eurasia,Indo-European,Edno,dvE,licE,riba,kuCE,voSka,dorvo,list,koZa,krov,kost,rog,uxo,oko,nos,zob,Ezik,kolano,gordi,CEr drob,piya,viZdam,sluSam,umiram,idvam,zvEzda,voda,kamok,ogon,pot,planina,noSt,polEn,nov,imE,sloncE,roka,az,ti,niE
BURIAT_RUSSIA_2,bxr,39,97.5,Russia Buriat,Eurasia,Mongolic-Khitan,nEgEN,xoyor,xiN,zagahaN,noxoy,NA,modoN,lis,arhaN,SuhaN,yahaN,EbEr,SExEN,nyudEN,xamar,SidEN,xElEN,ibdEk,sEZE,ELgEN,uxa,xaraxa,sonosoxo,ixExE,yErExE,odoN,uhaN,SuluN,gal,zirgE,xada,hini,dirEN,SEnE,nErE,naraN,gar,bi,Si,bidE
CATALAN,cat,40,100,Catalan,Eurasia,Indo-European,un,dos,p3rson3,peS,gos,poL,abr3,fuL3,peL,saN,os,korn,urEL3,uL,nas,den,LeNg3,j3noL,pit,fej3,bEur3,bEur3,s3nti,muri,b3ni,3streL3,aix3,pe8r3,fok,k3mi,mon,nit,plE,nou,nom,sol,ma,Zo,tu,nuzaltr3s
ZAMBOANGUENO,cbk,40,100,Chavacano,Papunesia,Indo-European,uno,dos,hete,peskaw,iru,kutu,puo,ohas,pel,saNre,weso,kerno,orehas,oho,naris,dete,leNa,rudila,teta,igaw,toma,mira,siti,mori,bei,estrela,aga,pedra,pego,sedero,budak,noCe,leo,nebo,nomre,sol,mao,yo,ebos,kita
FUZHOU_CHINESE,cdo,40,100,Min Dong Chinese,Eurasia,Sino-Tibetan,8uok,naN,neiN,Ni,keiN,8aikmo,ciu,nuok,pui,haik,kouk,koik,Nai,meikciu,pei,Nai,cuiliek,kakputau,neiN,kaN,ciok,kaN,tiaN,8i,li,8iN,cui,8uoktau,hui,lou,8aN,maNmuo,muaN,8iN,miaNcei,liktau,ciu,Nuai,ne,NuaikoneiN
CEBUANO,ceb,34,85,Cebuano,Papunesia,Austronesian,usa,duha,tawu,isda,iro7,kutu,NA,dahun,panit,dugu7,bukug,NA,daluNan,mata,iluN,Nipun,dila,NA,dugan,atay,inum,tanaw,duNug,matay,ani,bitun,tubig,batu,kalayu,dalan,NA,gabi7i,NA,bagu,Nalan,NA,kamut,ako,ikaw,kita
CZECH,ces,40,100,Czech,Eurasia,Indo-European,yEdno,dva,osoba,riba,pEs,vES,strom,list,kuZE,krEf,kost,roh,uxo,oko,nos,zup,yazik,kolEno,prs,yatra,pit,viTEt,sliSEt,zEmrit,priyit,hvEzda,voda,kamEn,ohE5,pESina,hora,noc,pl5i,novi,ymEno,sluncE,ruka,ya,ti,mi
CHAMORRO,cha,40,100,Chamorro,Papunesia,Austronesian,unu,dos,taotao,gihan,galagu,hutu,tronkon hacu,hagon,lassas,haga7,tolaN,kaNhelon,talaNa,atadok,gi7eN,akankaN,hula7,tommo,susu,higadu,gimen,keli7e7,huNok,kumematai,mamaila7,estrecas,aga,aco7,gafi,calan,sabana,noces,bokka7,nueba,na7an,atdao,kannai,hu,un,hami
AKKIN_CHECHEN,che,40,100,Chechen,Eurasia,Nakh-Daghestanian,ca7,gi7,adam,Capk3,Zali,mez3,mar3l,x3,cok,ci,dEXak,maX,lerg,bErg,mar,cerg,mot,gol,naq,doXaX,mal,g3,Xaz,eli 3,da,sed3,Xi,qerag,ce,neq,lam,bisa,vuz3n,kerl3,ce,mar,k3,so,xo,vay
CHOCTAW,cho,39,97.5,Choctaw,North America,Muskogean,aCafa,toklo,hatak,nani,ofi,isap,iti,NA,hakSop,isiS,foni,lapiS,haksobiS,niSkin,ibiSakni,noti,itolas,iyi kalaha,ipiSik,salaka,iSko,pisa,kaklo,ili,miti,fiCik,oka,tali,lowak,hina,habik,ninak,kaya,himona,hoCifo,haSi,ibak,ano,CiCno,piSno
CHEROKEE,chr,40,100,Cherokee,North America,Iroquoian,sogwu,ghali,yowi,acad7i,gihli,tina,hlkv7i,ughaloga,unega7lo7i,giga,ghola,uhyuna,gale7ni,aghano7i,ayohsuli,gandohka,gando7i,ganigeni,ganeci,uwela,adihdha,gohwdh,ahdhok,ayohuhisdi,galuC3,nomgwihsi,ama,n3ya,acila,usdigan3n3,odal3,unsohi,hsul,acehi,dudo3,iga odonod7a,uwo7yeni,ayo,nihi,idi
OLD_CHURCH_SLAVONIC,chu,39,97.5,Church Slavic,Eurasia,Indo-European,yedinu,duva,Cloveku,riba,pisu,NA,drevo,listu,koZa,kruvi,kosti,rogu,uxo,oko,nosu,zobu,yeziku,koleno,susu,yetro,piyetu,viditu,sliSitu,miretu,pridetu,zvezda,voda,kami,ogni,poti,gora,noSti,isplunu,novu,ime,slunice,roka,azu,ti,mi
CHUVASH,chv,40,100,Chuvash,Eurasia,Turkic,p3r,ik3,Sun,pul3,yud3,pud3,yuv3S,SulZ3,tir,yun,S3m3,m3raga,x3lxa,kuS,s3mza,S3l,C3lxe,C3rguSi,k3g3r,p3ver,3S,kur,ilt,vil,kil,S3ld3r,Suv,Cul,vut,Sul,tu,kaS,tul3,S3n3,yat,x3vel,al3,eb3,ez3,ebir
CHEYENNE,chy,39,97.5,Cheyenne,North America,Algic,noka,nixa,vostan,noman,hotam,NA,hoc,vepoc,nacevtan,mae,macekonoc,vevsc,matavoc,maex,maevo,ves,vitanov,manstan,maceSeon,he,naman,rad,nanista,enaeoc,nahoen,hotoT,map,hohona,hoesta,meo,hohona,tae,otom,emona,vehestoc,eSehe,namecevaeno,nanehov,ninehov,ninehovema
KURDISH_CENTRAL,ckb,37,92.5,Central Kurdish,Eurasia,Indo-European,yak,du,kas,mosi,sag,NA,dor,para,pest,xen,esqon,Sox,ge,Cow,lut,don,zimon,aZno,siN,jarg,xwordinawa,binin,bistin,giyon darCun,farmun,astera,ow,bard,ogir,re,Sox,NA,pir,toza,now,xor,dast,NA,to,ema
MANDARIN,cmn,40,100,Mandarin Chinese,Eurasia,Sino-Tibetan,i,el,jen,yu,gou,Sc,Suh,yec,pi fu,Siueh,gutou,Ciao,elduo,yean jiN,bic,ya Cy,Sertou,Si,SioN pu,gan canq,he,kan jian,tiN,su,lai,SiNSiN,Soei,Srtou,huo,hsiao lu,San,woanSanq,CoN man,Sin,miNc,tay yaN,Sou,wo,ni men,wo men
CORNISH,cor,40,100,Cornish,Eurasia,Indo-European,onEn,diu,den,pisk,ki,lowen,gi8en,delen,kroxen,gos,Eskorn,korn,skovErn,lEgEs,tron,dEns,tEves,glin,bron,Evi,evE,geles,kliues,merel,dos,steren,dour,men,tEn,vor8,meni8,nos,liun,nowi8,hEnou,houl,dorn,mi,ti,ni
CORSICAN,cos,38,95,Corsican,Eurasia,Indo-European,unu,dwi,nimu,pESu,Takaru,pidoTu,arburu,foLa,pedi,saNgwi,osu,kori,arETa,oTi,nasu,dEnti,liNgua,vinoTi,petu,fegatu,biy,vEnd,sEnt,mor,vEn,Steda,akwa,kota,fogu,Strada,muntanTa,noti,NA,NA,nomu,soli,mani,eyu,tu,noi
CRIMEAN_TATAR,crh,38,95,Crimean Tatar,Eurasia,Turkic,bir,eki,3zi,NA,it,NA,axaS,japrak,teri,kan,siyek,miyiz,kulak,g3z,burun,t3S,t3l,t3z,k3krek,jiger,iS,k3r,esit,3l,kel,j3ld3z,suw,tas,ot,jol,taw,keSe,tolu,jaN3,at,kin,kol,3zim,sen,biz
MOOSE_CREE,crm,40,100,Moose Cree,North America,Algic,pey3k,nisu,owiy3k,kinuseo,3tim,ikw3,mistik,nipe,3s3ki,mihko,osk3n,esk3n,tow3kui,iskisik,kut,pit,tey3ni,ihCikw3n,eskik3n,oskun,minihkwewin,wapiw,peht3m,nipiw,pe,3C3hk,nipi,3sini,iskoteo,esk3now,w3Ci,tipiskaw,sak3skin,oski,isinikasuwin,pisim,CiCi,niyu,kiyu,kiyanow
KASHUBIAN,csb,39,97.5,Kashubian,Eurasia,Indo-European,yEdEn,dva,lud,r3ba,pEs,kuka,drEvwo,l3st,skota,krEv,koS,rog,wuxwo,wokwo,nos,zob,yoz3k,kolano,cick,votroba,gr3zc,baC3c,NA,mrec,nadE5c,gvazda,woda,kam,wojin,stEgna,Zma,noc,pEwEn,novi,yima,swu5cE,garsc,ya,t3,m3
WELSH,cym,40,100,Welsh,Eurasia,Indo-European,3n,da3,d3n,p3sgod3n,ki,L33En,prEn,d3ilEn,kro3n,ga3d,asgurn,korn,kl3st,L3gad,tru3n,dant,tavod,glin,bron,ia3,3vE,gEl,kl3uE,maru,do,sErEn,dur,karEg,ton,Lu3br,m3n38,nos,Laun,nEu38,Enu,ha3l,Lau,mi,ti,ni
DAGBANI,dag,30,75,Dagbani,Africa,Atlantic-Congo,nam,yi,NA,z3Na,ba,NA,tia,NA,gbaN,zim,kobli,NA,t3bli,nini,ne,nini,z3lnli,duni,NA,NA,nu,na,wum,kpi,ka,NA,kom,kuga,bugm,soli,NA,yuN,NA,NA,yuli,wunaNa,nu,mani,nini,t3
DANISH,dan,40,100,Danish,Eurasia,Indo-European,e7n,to7,mEnsk3,fesk,hun7,lus,trE7,blE8,hu87,blo87,ben,ho7an,ea,ay3,nEs3,tEn7,toN3,knE7,brest,lewa,drEg3,se7,hea,de7,kam3,styEan3,vEn7,sten,il7,sti7,bEw7,nEt,ful7,ni7,naw7n,sol,han7,yEy,du,vi
STANDARD_GERMAN,deu,40,100,German,Eurasia,Indo-European,ains,cvai,mEnS,fiS,hunt,laus,baum,blat,haut,blut,knoX3n,horn,or,aug3,naz3,can,cuN3,kni,brust,leb3r,triNk3n,ze3n,her3n,Sterb3n,kom3n,StErn,vas3r,Stain,foia,pat,bErk,naXt,fol,noi,nam3,zon3,hant,ix,du,vir
DAGAARE,dga,30,75,Central Dagaare,Africa,Atlantic-Congo,bon yeni,ye,NA,zuNu,ba,NA,tia,NA,gani,zi,kodi,NA,todi,nimidi,5obogdi,5ini,zili,duni,NA,NA,5u,5a,woN,kpi,wa,NA,kuo,kudi,vu,sodi,NA,tinsugo,NA,NA,yuodi,Nina,nu,ma,fu,ti
DINKA_NORTHEASTERN,dip,24,60,Northeastern Dinka,Africa,Nilotic,tok,NA,ran,reC,gol,5ok,NA,lar,NA,NA,yuom,NA,yiC,5in,wum,leC,NA,4ial,8in,Cua5,dek,tiN,NA,NA,ben,NA,NA,NA,NA,kuer,gon,NA,NA,yam,5igau,NA,Cin,xEn,NA,xo4ie
ZAZAKI,diq,40,100,Dimli,Eurasia,Indo-European,Zu,dudu,merdum,mase,kutuk,uSpiZ,dar,perr,poste,gunni,u7ste,ustre,goS,Cum,zunji,dundan,zuwan,saqe,pustun,kezev,SumtuS,diyayuS,7hesyayuS,merduS,amyayuS,ustare,aw,7si,adur,ray,kerre,Sew,murd,newe,name,roZ,dest,mun,to,ma
MALDIVIAN,div,31,77.5,Dhivehi,Eurasia,Indo-European,ek,de,NA,mas,balu,ukunu,gas,fat,ham,lei,kaSi,dalu,kanfat,lo,ne,dat,dulek,NA,buk,NA,bon,balan,ahani,NA,NA,tari,fen,ga,NA,magu,NA,rei,furi,NA,nam,iru,at,ma,imba,NA
LOWER_SORBIAN_2,dsb,40,100,Lower Sorbian,Eurasia,Indo-European,yadEn,dwa,parSona,r3ba,pyas,wES,bom,wopyEno,koZa,kSEj,knoxa,rog,wuxo,woko,nos,zub,yez3k,kolEno,nadro,yetSa,piS,wiZeS,sw3SaS,wumreS,pSiS,gweZda,woda,kamyE5,wogE5,sCaZka,gora,noc,pown3,now3,mij,sw35co,ruka,ya,t3,m3
KADAZAN,dtp,40,100,Kadazan Dusun,Papunesia,Austronesian,iso,duvo,tuhun,sada,tasu,kutu,kazu,lon,kuhit,za,tuhaN,saNau,tohiNo,mato,toduN,nipon,diha,totud,susu,toNkovizau,inumon,kokito,koNo,matai,mikot,tombituon,vaig,vatu,tapui,lahan,nuhu takavas,sodop,noponu,vagu,Nan,tadau,pahad,zou,ko,toko
DOTYALI,dty,33,82.5,Dotyali,Eurasia,Indo-European,NA,NA,montZe,maCo,kukur,joro,ruk,pot,Colo,r3g3t,hod,SiN,kon,oko,nok,dot,jib3ro,guno,NA,NA,piyo,dekyo,sunyo,m3ryo,oyo,toro,poni,NA,ogo,boto,NA,rot,b3ri,n3yo,nou,surZE,NA,m3,t3m,h3m
DZONGKHA,dzo,32,80,Dzongkha,Eurasia,Sino-Tibetan,Ci,5i,NA,NA,roCi,NA,NA,NA,pako,tra,ruto,NA,namCo,mito,lapa,so,Ce,NA,NA,Cim,tuN,toN,nawag7o,Si,So,kam,Cu,do,mi,lam,ri,z7a,gaN,sap,meN,5im,lap,Na,C3,NaCe
EMILIANO_CARPIGIANO,egl,40,100,Emiliano,Eurasia,Indo-European,un,du,om,pEs,kaN,pyoC,elber,foya,pEla,saNgev,os,koren,urECa,oC,nEz,dEynt,lENgva,znoC,pEt,fedeg,bEvEr,vEder,siNtir,murir,5ir,stEla,akwa,jarown,fog,strEda,munta5a,not,pin,nov,nom,sol,maN,mE,tE,nuEter
ESTONIAN,ekk,40,100,Estonian,Eurasia,Uralic,uks,kaks,inimene,kala,koer,tai,pu,let,nak,veri,kont,sarv,korv,silm,nina,hammas,kel,polv,rind,maks,jo,nage,kul,sure,tule,tat,vesi,kivi,tuli,te,magi,o,tais,us,nimi,paike,kasi,mina,sina,meie
GREEK,ell,40,100,Modern Greek,Eurasia,Indo-European,enas,8o,anropos,psari,sTili,psira,8enro,filo,petsi,ema,kokalo,Terato,afti,mati,miti,8oni,xlosa,xonato,sti8os,sikoti,pin,vlep,aku,pe8en,ero,asteri,nero,petra,fota,8romos,vuno,nita,yematos,neos,onoma,ilos,xeri,exo,esi,emis
ENGLISH,eng,40,100,English,Eurasia,Indo-European,w3n,tu,prs3n,fiS,dag,laus,tri,lif,skin,bl3d,bon,horn,ir,Ei,noz,tu8,t3N,ni,brEst,liv3r,driNk,si,hir,dEi,k3m,star,wat3r,ston,fEir,pE8,maunt3n,nEit,ful,nu,nem,s3n,hEnd,Ei,yu,wi
ESPERANTO,epo,40,100,Esperanto,Eurasia,Artificial Language,unu,du,persono,fiSo,hundo,lawso,arbo,folio,hauto,sango,osto,korno,orelo,okulo,nazo,dento,lango,genuo,mamo,hepato,trinki,vidi,awdi,morti,veni,stelo,akvo,Stono,fayro,pado,monto,nokto,plena,nova,nomo,suno,mano,mi,vi,ni
BASQUE,eus,40,100,Basque,Eurasia,Basque,bat,bi,gizaki,arrain,zakur,zorri,zuhaic,hosto,azal,odol,hezur,adar,belarri,begi,sudur,horc,mihi,belaun,diti,gibel,edan,ikusi,encun,hil,etorri,izar,ur,harri,su,basabide,mendi,gau,beterik,berri,izen,eguzki,esku,nik,zuek,gu
EWE,ewe,40,100,Ewe,Africa,Atlantic-Congo,deka,eve,ame,akpa,avu,yo,at3,aNgba,Nu,bu,pu,co,to,pe,Noti,adu,ade,klo,no,akla,no,ko,se,ku,va,xletivi,ci,kpe,co,ablo,to,za,yo,yeye,Nko,Ndo,asi,5e,wo,mi
FAROESE,fao,40,100,Faroese,Eurasia,Indo-European,oin,tvoir,mEdiSa,fiskur,hundur,lis,trEa,bla,Sid,ble,boin,hod,oira,Eiga,nes,tod,tuNga,knEa,brest,livur,dreka,suiga,hoira,doiga,koma,Serna,vatn,stoinur,Eldur,geta,fad,not,fudur,nuigur,nav,sel,hond,Eg,ti,vit
FIJIAN,fij,39,97.5,Fijian,Papunesia,Austronesian,nua,rua,tamata,ika,koli,kutu,kau,nrau,kuli,nra,si,kaukamea ni manu manu,naliNa,mata,u8u,bati,yame,nura,sere,yate,wai ni Nunu,sara,roNo8a,mate,lako mai,kalo,wai,vatu,bukawaNga,salatu,ulunivanua,boNi,sinai,mata vou,ya8a,mata ni siNa,liNa,NA,ko iko,ko kena
FINNISH,fin,40,100,Finnish,Eurasia,Uralic,iksi,kaksi,ihminen,kala,koira,tEi,puu,lehti,iho,veri,luu,sarvi,korva,silmE,nenE,hammas,kieli,polvi,rinta,maksa,juo,nEke,kuule,kuole,tule,tEhti,vesi,kivi,tuli,tie,vuori,y3,tEysi,uusi,nimi,aurinko,kEsi,minE,sinE,me
FONGBE,fon,36,90,Fon,Africa,Atlantic-Congo,8oko,we,mE,xevi,avun,jo,atin,ama,agaza,xun,xu,NA,to,nunkun,aonin,a8u,8E,NA,NA,fijo,nu,mo,se,ku,wa,sunvi,sin,ke,mo,ali,so,zan,NA,yoyo,5iko,xe,alo,5E,xE,mi
FRENCH,fra,40,100,French,Eurasia,Indo-European,oe,de,om,paso,Sia,pu,arbr3,f3y,po,sa,os,korn,ore,3y,ne,da,lag,j3nu,patrin,fa,ba,va,otadr,muri,v3ni,etol,o,per,fe,rut,motaj,nui,pl3,nuvo,no,sole,ma,j3,ti,nu
ARPITAN,frp,33,82.5,Arpitan,Eurasia,Indo-European,yo,dow,omu,p3so,Si,NA,abro,foL3,NA,so,NA,NA,or3L3,yi,na,dE,lEwa,Z3nu,NA,NA,bEa,vEa,ekota,mori,v35i,etela,Ewa,pEri,NA,Sami,mota5i,nE,plE,novo,no,solEL,ma,Z3,t3,no
NORTH_FRISIAN_AMRUM,frr,40,100,Northern Frisian,Eurasia,Indo-European,ian,tau,minsk,fask,hi5,lis,bum,blet,skan,blut,bian,hurn,uar,uk,nes,tus,toN,knebian,brast,liv3r,draNk,sE,hiar,stEr3v,kEm,stEr,ved3r,stian,ial,stix,bErak,nat,fol,nEi,nem,san,hun,ik,di,vi
FRISIAN_WESTERN,fry,40,100,Western Frisian,Eurasia,Indo-European,i3n,ta,minsk,fisk,hun,lis,bi3m,blEt,hut,blu3t,boNk3,ho3n,i3r,i3x,nes,tosk,toN3,knib3l,bo3st,lew3r,driNk3,sEn,hEr3,stEr3,kom3,stEr,vEt3r,sti3n,fu3r,dik,bErx,nat,fol,nEy,nam3,sin3,hon,ik,do,vEi
FULA,fuc,30,75,Pulaar,Africa,Atlantic-Congo,go7o,8i8,NA,liNNu,rawanu,NA,lekki,NA,laral,yiyam,yiyal,NA,nofru,yitere,hinere,ninere,8emNal,hofru,NA,NA,yar,yi7,nan,may,war,NA,niyam,hayre,yite,8atal,NA,Zemma,NA,NA,inne,naNe,juNNgo,min,an,minon
FRIULIAN,fur,40,100,Friulian,Eurasia,Indo-European,uN,doi,pErsoN,pes,CaN,pEdoli,arbul,feE,pel,saNk,ves,kar,oreli,voli,nas,dint,leNgE,zEnoli,pet,fiat,bevi,viodi,sintei,murei,vi5ei,stelE,agE,perE,fouk,stradE,mont,5ot,plen,5ouf,non,soreli,man,yo,tu,nou
GAGAUZ,gag,22,55.00000000000001,Gagauz,Eurasia,Turkic,NA,iki,NA,bEluk,kenekit,sirkE,EC,yEprEk,deri,kEn,kemik,bonuz,kulEk,NA,burnu,diS,NA,NA,memE,NA,NA,NA,NA,elmE,erimE,yulduz,NA,tES,NA,yol,NA,NA,NA,yeni,NA,gin,kol,NA,NA,NA
GAN_NANCHANG,gan,40,100,Gan Chinese,Eurasia,Sino-Tibetan,it,3,l3n,5ie,kiEu,sEt,su,iEt ci,phi fu,Siet,ku7 thEu,ko7,3 to,Nan CiaN,phit ci,Na ci,sEt thEu,Chit kai,lai,kon,hot,khon CiEn,thiaN CiEn,si,lai,SiaN ci,sui,sa7 thEu,fo,lu,san,ia uan,mon,Sin,miaN ci,thai ioN,S3u,No,n,No m3n
GUIANESE_CREOLE_FRENCH,gcr,36,90,Guianese Creole French,South America,Indo-European,un,NA,mun,pazon,Sen,pu,peba,fey,lapo,disan,zo,NA,zore,wey,NA,dan,laN,junu,potrin,NA,be,we,tande,muri,vini,zetwel,dlo,roS,dife,rut,montaN,lanuit,plen,nuvo,non,soley,lanmen,mo,to,nu
GAELIC_SCOTTISH,gla,40,100,Scottish Gaelic,Eurasia,Indo-European,un,ta,tu5E,i3sk,ku,mi3l,kruv,tuLak,kraken,fuL,knav,axarx,klu3s,suL,sron,f3kEL,CaNga,klun,kix,axa,ol,fak,klu5,pasEx,hik,riunak,uSkE,klax,Ce5E,rahaj,pen,oxE,lan,ur,a53m,kri3n,lav,mi,hu,Si5
IRISH,gle,40,100,Irish,Eurasia,Indo-European,in,ga,din3,i3sk,madr3,mil,kran,dil3,Tnas,fil,knav,airk,klu3s,sul,sok,fi3k3l,taNg3,glun,Tix,e,ol,fET,klin,eg,tar,rin,iST3,klox,tin3,kosan,Sli3v,iS3,lan,ur,an3m,Cri3n,lav,me,tu,Sin
GALICIAN,glg,39,97.5,Galician,Eurasia,Indo-European,un,dous,ome,pEiSe,kan,pioLo,arbore,foLa,pEl,saNge,oso,korno,orELa,oLo,nari8,dEnte,liNga,SeonLo,pEito,figado,beber,ber,oir,morer,bir,Estrela,auga,pEdra,lume,Estrada,monta5a,noite,Ceo,nobo,nome,sol,man,NA,ti,nos
TATIC_LAHIJANI,glk,40,100,Gilaki,Eurasia,Indo-European,yek,du,ad3m,mayi,s3g,subuj,dar,b3lg,pust,xun,xaS,Sax,guS,CuSm,d3max,d3ndan,z3bon,zon3,CuCay,jig3r,xor,din,iStows3n,mErd,a,s3tar3,aw,s3ng,at3S,ra,ku,Sow,p3r,taz3,nom,xorSid,d3s,mu,t3,amo
MANX,glv,40,100,Manx,Eurasia,Indo-European,un,de,du53,yis,ma83,mil,bily3,dolyag,krax3n,fol,krew,eak,kleS,suly,strui5,fix3l,Ci53,glyu5,kix,en,iu,fakin,klaStin,ge8in bes,Cit,roleg,uSty3,klax,ail,red,slyu,ei,lan,noa,en3m,grin,l3w,me,Siu,Sin
GOAN_KONKANI,gom,12,30,Goan Konkani,Eurasia,Indo-European,ek,don,can,NA,sune,NA,NA,NA,NA,NA,NA,NA,NA,doe,NA,NA,NA,NA,NA,NA,NA,pae,NA,marta,yevuk,NA,NA,NA,NA,vat,NA,NA,NA,NA,NA,NA,NA,hav,tu,amhi
GORONTALO,gor,34,85,Gorontalo,Papunesia,Austronesian,tuwewu,duluwo,tawu,uponula,apula,utu,NA,duNo,alipo,duhu,tulalo,NA,buloNa,mato,wuliNo,duNito,dila,NA,tutu,wanohu,Nilu,milohu,duNuhu,mate,me duNa,poliyama,taluhu,botu,tulu,dalalo,NA,huyi,NA,bohu,taNulo,NA,ulu7u,watiya,yi7o,ito
GRONINGS,gos,29,72.5,Gronings,Eurasia,Indo-European,aine,twei,man,visk,hond,NA,bom,blat,hit,blut,boNk,horn,NA,ox,nEs,NA,NA,NA,borst,NA,driN7n,zain,NA,starv3n,kom3n,stirn,wott3r,stain,NA,pat,NA,naxt,NA,niy,NA,zin,hant,ik,du,w3
GOTHIC,got,36,90,Gothic,Eurasia,Indo-European,Ens,tE,mana,fisks,hunds,NA,bagms,laufs,fil,blo8,NA,horn,auso,auxo,NA,tun8us,tuNgo,kniu,brusts,NA,driNkan,sEhan,hausan,diwan,kiman,stErno,wato,stains,fon,staixa,fErguni,nats,fuls,niuyis,namo,sauil,handus,ik,8u,wis
GHANAIAN_PIDGIN_ENGLISH,gpe,36,90,Ghanaian Pidgin English,Africa,Indo-European,wan,tu,pasin,fiS,dog,NA,tri,lif,skin,blad,bon,hon,NA,NA,noz,tut,toN,ni,NA,liva,driNk,si,hia,dai,kam,sta,wota,ston,faia,rod,maunta,nait,ful,5u,nem,san,han,mi,yu,wi
WAYUU,guc,40,100,Wayuu,South America,Arawakan,waneSia,piama,wayu,hima,er3,map3i,wunu7u,s3pana,wata,iSa,weip3se,su7uwa,waCe7e,wo7u,we7iCi,wai,waye,wasapain,waCira,s3pana,asa,era,apa,oukta,ana,holoc3,w3in,ipa,siki,wopu,nam3na,aippa7a,pirat3s3,heket3s3,s3n3lia,ka7i,wahap3,taya,pia,waya
GUARANI,gug,39,97.5,Paraguayan Guaraní,South America,Tupian,petei,mokoi,ava,pira,jaga,ky,mata,toge,ape,tuguy,ka,tati,nami,tesa,apna,rai,ku,penara,pti7a,NA,srku,heSa,henu,anaki,hua7i,jasrata,y,ita,jehap,gataha,yvyt,phare,Sovi,anetega,rera,karah,avatisoka,Se,ne,ore
GUJARATI,guj,40,100,Gujarati,Eurasia,Indo-European,ek,be,T3n,maTli,Svana,Tu,gulmor,p3tu,kal,rkt3,hadku,SiNgdu,kan,n3y3n,nak,dat,Tib,got3n,st3n,y3krut,pi,dek,sab3l,m3r,av,taro,pani,p3tro,3gni,p3nt,p3rv3t,r3Tni,t3ko3k,n3vu,nam,sur3T,hat,me,tu,apne
FRAFRA_2,gur,40,100,Farefare,Africa,Atlantic-Congo,5i,ye,nuro,jum,biak,Cik3bi,tip,viokw,5iN,zim,kwobe,5ile,turi,num,5ure,5in,giNgeluN,dunu,bisiri,paNi,5u,5a,wom,ki,jam,C3Nark,5iam,tintay,bol3m,suukw,kuNkutuN,ywok,suere,pal,ywe,kantueN,nisa,mi,fi,tama
GUNGBE,guw,33,82.5,Gun,Africa,Atlantic-Congo,ode,awe,dawe,hwevi,avun,yo,atin,ama,NA,hun,xu,azo,to,nukun,NA,adu,dE,koli,an3,NA,nu,mo,se,ku,wa,NA,sin,se,zo,alixo,so,zan,NA,NA,NA,hwe,alo,n,a,mi
EASTERN_OROMO_2,hae,40,100,Eastern Oromo,Africa,Afro-Asiatic,toko,lama,nama,qurtumi,sare,injiran,muqa,bala,goga,diga,lafe,gafa,gura,ija,fu5an,ilkan,araba,jilba,qoma,tiru,duga,arga,dagaya,du7a,dufa,urji,bisan,daga,ibida,kara,tulu,halkan,gutu,hara,maqa,adu,harka,ana,ati,nu
HAKKA_CHONGZUO_NINGMING,hak,40,100,Hakka Chinese,Eurasia,Sino-Tibetan,it,5i,5in,N,kEu,LEt,mok,iap,phi,hiEt,kut,kok,5i to,Nan,phi koN,Na chi,li chiEn,chit thEu,nEn,kon,5im,hon,thiEn,Li,loi,thiEn,sui,sak,fo,lu,Lan,am pu ia,man,Lin,miaN Lu,5iEt,siu,Nai,ni,Nai ti
HAITIAN_CREOLE,hat,39,97.5,Haitian,North America,Indo-European,yu,de,mu,paso,Se,pu,peba,fEy,po,sa,zo,ko,zorEy,ze,ne,da,laN,Zenu,tete,fa,bE,wE,tade,muri,vini,etal,dlo,roS,dife,Seme,mo,lanuit,ple,nuvo,no,solEy,me,me,NA,nu
HAUSA,hau,40,100,Hausa,Africa,Afro-Asiatic,daya,biyu,mutum,kifi,kare,karkata,itaTe,ganye,fata,jini,kashi,kaho,kunne,ido,hanTi,hakori,harshe,giwa,nono,hanta,sha,gani,ji,muti,zo,tauraro,ruwa,duse,wuta,hanya,duse,dare,Tikakke,sabo,suna,rana,hannu,ni,kai,mu
HAWAIIAN,haw,40,100,Hawaiian,Papunesia,Austronesian,ekahi,lua,kanaka,i7a,ilio,uku,la7au,lau,ili,koko,iwi,kiwi,pepeiao,maka,ihu,niho,alelo,kuli,u,ake,inu,ike,lohe,make,hele mai,hoku,wai,haku,ahi,ala,mauna,po,piha,hou,inoa,la,lima,wau,oukou,makou
SERBOCROATIAN,hbs,40,100,Serbian-Croatian-Bosnian,Eurasia,Indo-European,yedan,dva,Covek,riba,pas,vaS,drvo,list,koZa,krv,kost,rog,uvo,oko,nos,zub,yezik,koleno,grudi,yetra,pi,vide,sluSa,umre,dolazi,zvezda,voda,kamen,vatra,ulica,planina,nox,pun,novi,ime,sunce,ruka,ya,ti,mi
HEBREW,heb,40,100,Modern Hebrew,Eurasia,Afro-Asiatic,7eXad,Snayim,7adam,dag,kelev,parXoS,Xec,Xale,Xor,dam,Xecem,keren,7ozen,Xayin,7af,Sen,laSon,berex,Sad,kaved,Sata,ra7a,SamaX,met,ba,koxav,mayim,7even,7eS,Svil,har,layla,male,xadaS,Sem,SemeS,yad,7ani,7ata,7anaXnu
HERERO,her,40,100,Herero,Africa,Atlantic-Congo,mE,vari,nu,hunu,ba,na,ti,yao,kova,bi4u,tupa,5a,ti,ho,yuru,yo,raka,goro,vErE,huri,na,muna,zuva,koka,za,5osE,mEva,wE,riro,jira,dunu,tuku,ura,pE,na,yuva,kE,ami,ovE,EtE
HINDI_2,hin,40,100,Hindi,Eurasia,Indo-European,ek,do,man3v,m3Cli,Swan,ju,per,p3tr,C3rm,l3hu,3sti,siNg,kan,ak,nak,d3nt,jib,janu,kuC,jig3r,pina,dekna,sunna,m3r3na,ana,tara,j3l,p3tt3r,ag,p3t,p3har,rat,b3ra,n3ya,nam,r3vi,hat,mE,tu,h3m
MOTU_HIRI,hmo,36,90,Hiri Motu,Papunesia,Pidgin,ta,rua,tauna,garume,sisia,utu,NA,raurau,kopina,rara,turiana,NA,taiana,matana,udubaubau,isena,marana,tuina,rata,asena,inua,itaia,kamonai,mase,mai,hisiu,ranu,nadi,rahi,dara,NA,hanuaboi,honu,matamata,radana,dina,imana,rau,NA,ita
CROATIAN,hrv,40,100,Croatian Standard,Eurasia,Indo-European,yedan,dva,Covek,riba,pas,uS,drvo,list,koZa,krv,kost,rog,uho,oko,nos,zub,yezik,koLeno,prsa,yetra,piti,videti,Cuti,umriyeti,dolaziti,zviyezda,voda,kamen,vatra,put,planina,noC,pun,nov,ime,sunce,ruka,ya,ti,mi
UPPER_SORBIAN,hsb,40,100,Upper Sorbian,Eurasia,Indo-European,yEd3n,dvay,vosoba,r3ba,ps3k,voS,Stom,wopEno,koZa,krEy,kosC,roh,vuxo,voCko,nos,zub,yaz3k,kolEno,ruj,yatra,piC,vijEC,s3SEC,mreC,pSi5C,vezda,voda,kamE5,vohE5,SCEZka,hora,noc,pown3,nov3,mEno,s3nco,ruka,ya,t3,m3
HUNGARIAN,hun,40,100,Hungarian,Eurasia,Uralic,eg,ketti,ember,hal,kuTa,teti,fa,level,bir,ver,Cont,sarv,fil,sem,or,fog,5elv,terd,mel,maj,in,lat,hallan,hal,jin,Cillag,viz,ki,tiz,it,heg,ej,tele,ij,nev,nap,kez,en,te,mi
EASTERN_ARMENIAN,hye,40,100,Eastern Armenian,Eurasia,Indo-European,mek,yerku,anc,cuk,Sun,voCil,car,terev,maSk,arun,voskor,yejur,akanj,aCk,kit,atam,lezu,cunk,kurck,lard,x3me,tesne,l3se,vaCanve,ga,ast3x,jur,kar,boc,arahet,sar,giSer,li,nor,anun,arev,cer,yes,du,menk
WESTERN_ARMENIAN,hyw,40,100,Western Armenian,Eurasia,Indo-European,meg,yergu,anc,cug,Sun,voCil,car,derev,maSg,arun,vosgor,boz,aganC,aCk,kit,agra,lezu,cung,gurck,lart,x3me,desne,l3se,merni,ka,asd3x,Cur,kar,grag,jampa,ler,kiSer,lecun,nor,anun,arev,cerk,yes,tun,menk
IBAN,iba,34,85,Iban,Papunesia,Austronesian,satu,dua,oraN,ikan,asu7,kutu,NA,daun,kulit,darah,tulaN,NA,peniN,mata,idoN,Neli7,dilah,NA,tusu,atau,irup,peda7,diNa,mati,datai,bintaN,ai7,batu,api,jalai,NA,malam,NA,baru,nama,NA,taNan,aku,nuan,kitai
IGBO_ONITSHA,ibo,40,100,Igbo,Africa,Atlantic-Congo,ofu,ibuo,o5e,azu,nita,igu,osisi,akuko,akuko,me,okuku,mi,ni,a5a,imi,eze,ile,ikele,ala,imeju,la,fu,nu,nu,bia,kakando,mili,mume,oku,uzo,ugu,uCiCi,ju,ofu,afa,a5aanu,aka,mu,gi,a5i
IGALA,igl,40,100,Igala,Africa,Atlantic-Congo,e5E,eji,EnE,Eja,aba,ina,oli,eNi,aNo,EbE,ogugu,iga,eti,eju,iNo,e5i,imalu,okuku,E5a,odo,No,li,go,ku,wa,awo,omi,okuta,una,ona,uwo,odu,ko,tito,odu,olu,owo,omi,uwE,awa
NUOSU_YI,iii,40,100,Sichuan Yi,Eurasia,Sino-Tibetan,c,5i,co,hu,ku,maCu,s,sCi,nSu,s,vudu,ofu,na,5o5o,na,jma,hanE,bac,anE,si,no,mo,na,s,la,muC,Z,lu,mutu,gasE,bozu,musi,ji,S,mi,hobu,lo,i,nu,o
INUKTITUT_EASTERN_CANADIAN,ike,36,90,Eastern Canadian Inuktitut,North America,Eskimo-Aleut,atausiq,maGuk,inuk,iqaluk,qimiq,kumak,napaqtuq,akiGuaGuq,amiq,auk,nataquaq,natuk,siut,iyi,qiNaq,kigut,uqaq,siquq,iviaNiq,tiNuk,NA,NA,NA,aniGnaNiqsivuq,qaiyuq,uLuGiaq,imaq,uyaGaq,ikuma,aGquti,kiNaq,unuaq,tatatuq,NA,atiq,siqiniq,agak,uvaNa,ivit,uvagut
ILOKANO,ilo,34,85,Iloko,Papunesia,Austronesian,masa,dua,tao,ikan,aso,kuto,NA,buloN,kudil,dara,tulaN,NA,lapayag,mata,agoN,Nipen,dila,NA,suso,dalem,inom,kita,deNeg,matay,umay,bituen,danum,bato,apoy,dalan,NA,rabi,NA,baro,nagan,NA,ima,siak,sika,datayo
INDONESIAN,ind,40,100,Standard Indonesian,Papunesia,Austronesian,satu,dua,oraN,ikan,anZiN,kutu,pohon,duan,kulit,darah,tulaN,tanduk,teliNa,mata,hiduN,gigi,lidah,lutut,buah dada,hati,minum,lihat,mendeNar,mati,dataN,bintaN,air,batu,api,Zalan,gunuN,malam,penuh,baru,nama,mata hari,taNan,saya,saudara,kami
INGUSH,inh,39,97.5,Ingush,Eurasia,Nakh-Daghestanian,ca7,Si,sag,CqEra,Zali,maza,Xi,Xa,Cor,ciy,tek,muXa,lErg,barg,mEraZ,carg,mot,go,naqa,diyiX,mala,bargago,Xaza,ala,an,sEdqa,Xiy,qEra,ci,NA,loam,bisa,iza,cEna,ci,mal,kulg,so,ho,Su
ICELANDIC,isl,40,100,Icelandic,Eurasia,Indo-European,eit,tveir,manEsTa,fiskir,hintir,lus,trE,pla8,hu8,plou8,pein,hort,eira,eixa,nev,tEn,tuNka,hnE,proust,livir,trEka,sau,heira,teiya,koma,starta,vat,steit,Eltir,stixir,fatl,nout,fitlir,nir,navn,soul,hEnt,yEx,8u,vi8
ITALIAN,ita,40,100,Italian,Eurasia,Indo-European,uno,due,persona,peSe,kane,pidokkyo,albero,foLa,pElle,saNgwe,osso,korno,orekkyo,okkyo,naso,dante,liNgwa,jinokkyo,pEtto,fegato,bere,ved,ud,mor,vEn,stella,akwa,pyEtra,fwoko,sentyEro,monta5a,notte,pyEno,nwovo,nome,sole,mano,io,tu,noi
LIMONESE_CREOLE,jam,39,97.5,Jamaican Creole English,North America,Indo-European,wan,tu,pErsn,fiS,dag,lais,tri,lif,skin,blod,buon,an,Eiz,hai,nuoz,tit,toN,ni,brEs,liva,driNk,si,Eir,dEd,kom,star,wata,stuon,faya,pat,moutin,nait,ful,niu,nEim,son,an,NA,yu,wi
MALANG,jav,38,95,Javanese,Papunesia,Austronesian,siji,loro,woN,iwak,asu,tumo,wit,godoN,kolet,geteh,baloN,NA,kopeN,mripat,eroN,NA,ilat,dheNkol,susu,ati,Nombe,ndelok,kruNu,mati,teko,lintaN,ba5u,watu,geni,dhalan,gonoN,beNi,kebek,a5ar,jeneN,sreNeNe,taNan,aku,koen,aku
JAPANESE_2,jpn,40,100,Japanese,Eurasia,Japonic,hitocu,futacu,hito,sakana,inu,atamajirami,ki,ha,hifu,Ci,hone,cuno,jida,me,hana,ha,Sita,hiza,CiCi,kanzo,nomu,mieru,kikoeru,Sibo,kuru,hoSi,mizu,iSu,hi,miCi,oka,yoru,ippai,ataraSi,namae,hi,te,boku,anata,bokura
KARAKALPAK,kaa,39,97.5,Kara-Kalpak,Eurasia,Turkic,bir,eki,odom,boluq,it,NA,oxoS,Zopuroq,teri,qon,siyek,miyiz,quloq,kaz,murun,tis,til,dize,kakirek,bowur,iSiw,kariw,esitiw,aliw,keliw,Zuldus,suw,tos,ot,soqpoq,tow,tin,toluq,ZoNo,ot,qiyos,qol,men,sen,biz
KABYLE_GREATER_KABYLIA_AT_MANGELLAT,kab,39,97.5,Kabyle,Africa,Afro-Asiatic,yiw3n,sin,lx3lq,asl3m,ay8i,8ilkit,t3Zr7a,if3r,ajlim,i8am3n,ix3s,iS3w,am3z7ux,8it7,8inz3r8,8uxm3s8,il3s,afu8,8abbuS8,8asa,s3w,z73r,s3l,m38,as,i8ri,aman,az7ru,8im3s,abri8,a8rar,i87,Car7,aZ8i8,is3m,it7iZ,NA,n3k,c3C,n3kni
EAST_GREENLANDIC,kal,40,100,Kalaallisut,North America,Eskimo-Aleut,ataasiq,maqtit,tikkak,aatisaNaq,qimmiq,uyaNaq,uqpik,mutiqut,utiiwik,aak,kikkaq,natteq,siit,uissat,qiNaq,niqqit,atuttuut,aipiqtiNaq,mittivaq,ituqut,imiq,taki,naataqni,piiNiC,akkiq,ammatiwassiaq,imiq,nunakkassiaq,igivattatteq,aqqulaq,qaqqaqtiwaq,unnuaq,utukkaaq,nutaaq,atiq,siqiiq,assak,uaNa,ittit,uaNit
KANNADA,kan,40,100,Kannada,Eurasia,Dravidian,ondu,eradu,manusya,matsya,nayi,henu,mara,ele,togalu,rakta,elubu,kombu,kivi,kannu,mugu,hallu,nalige,monakalu,ede,hiri,kudi,nodu,kelu,Cayu,baru,naksatra,niru,kallu,benki,marga,betta,ratri,tumba,hosa,hesaru,surya,kai,nanu,ninu,navu
KASHMIRI,kas,40,100,Kashmiri,Eurasia,Indo-European,ak,zah,zon,gad,hun,zauv,kul,panbarag,musla,rat,adij,heN,kan,aT,nast,dan,zeo,kot,waT,krena maz,Tun3,wuTun3,bozun3,marun3,yiun3,taruk,ab,kain,nar,wat,koh,at,trawatrawa,nau,nao,aftab,ata,boh,tuhi,as3
GEORGIAN,kat,40,100,Georgian,Eurasia,Kartvelian,Erti,ori,piri,tEvzi,cali,tili,xE,potoli,tqavi,sisli,cali,rka,quri,tali,ciri,kbili,Ena,muli,mkErdi,xicli,sma,xEda,smEna,kdoma,mosla,varsklavi,cqali,ka,cEcli,biliki,mta,xamE,savsE,axali,gari,mzE,xEli,mE,SEn,CEn
KAZAKH,kaz,40,100,Kazakh,Eurasia,Turkic,bir,eki,kisi,baluq,it,bit,axaS,Zaluraq,teri,qan,siyek,miyiz,qulaq,kez,murun,tis,til,tize,kekirek,baur,iSu,keru,esitu,elu,kelu,Zulduz,su,tas,ot,Zol,tau,tin,tolu,ZaNa,at,kin,qol,men,sen,biz
KABARDIAN,kbd,38,95,Kabardian,Eurasia,Abkhaz-Adyge,z3,t3,c3w,bc3Z3y,h3,c3,Z3X,t3mp3,f3,L3,q3pS3,bZ3,t3k3m3,n3,p3,c3,bz3g3,L3gaZ3,bX3,t3nS3w,y3f3n,Law3n,z3x3x3n,tL3n,q3kw3n,waw3,ps3,m3w3,maf3,NA,bX3,Z3S,y3z,S3,c3,d3X3,NA,s3,w3,f3
KABIYE_3,kbp,32,80,Kabiyé,Africa,Atlantic-Congo,kudum,nalE,NA,Eku,ho,asEsEyE,ti,hayu,hundu,Calim,NA,hil,nangbaN,Es,mo,ke,NA,nEmbE,yi,ho,holosu,nau,NA,sibu,kom,tiN,lim,nem,miN,NA,pu,aho,tENElu,kifalu,hi,wisi,nanda,NA,NA,NA
TYAP,kcg,33,82.5,Tyap,Africa,Atlantic-Congo,5uN,fiyaN,NA,3f3n,ubwu,C3raN,ukan,NA,3ka,3sok,kuNkup,3gwa,CuCCo,3li,jjay,35uN,3ly3m,NA,f3l3N,lyo,so,di,fok,xu,bay,taNwat,sakat,3faN,loN,Nwap,3fan,NA,NA,NA,3y3rok,nam,NA,n,a,z3
KOMERING,kge,34,85,Komering,Papunesia,Austronesian,say,rua,jolma,iwa7,asu,kutu,NA,bulN,bawa7,rah,tulan,NA,CupiN,mata,iruN,ipon,ma,NA,titi7,hati,Ninum,lia7,anoNi,mati,ratoN,binaN,uay,batu,ap3y,raNraya,NA,dibiNi,NA,omay,golar,NA,puNu,5a7,niku,kita
KHALKHA_MONGOLIAN,khk,40,100,Halh Mongolian,Eurasia,Mongolic-Khitan,neg,xoyor,xuN,caqas,noxoi,pos,mot,nawC,ars,cus,yas,ewer,Cix,nut,xamar,Sut,xeL,3wt3g,x3x,eLeg,ux,ucex,tuLax,uxex,yirex,ot,us,CuLu,qaL,Cim,uL,S3n3,tureN,Sine,ner,nar,qar,pi,Ci,pit
KHMER,khm,40,100,Central Khmer,Eurasia,Austroasiatic,muey,bir,manus,ti,C3kE,Cay,ta3m Za3,s3l3k,s3pEk,Zam,C3N,s3nEN,t3Ci3k,b3n3k,C3muh,d3m3n,3ntak,Z3NgaN,toh,tla3m,p3k,ma3l,l3,slap,mok,p3kay,d3k,t3mo,bla3N,Z3luw t3nal,b3nom,yop,b3n,tmi,Z3maoh,t3Nay,tay,k3nom,EN,ya3N
GIKUYU,kik,36,90,Kikuyu,Africa,Atlantic-Congo,mE,gere,no,NA,gui,da,te,8aNo,dara,8akamE,hene,hea,to,i8o,niuru,xexo,reme,ru,dori,ni,5u,on,ig,ku,ok,jata,mae,hixa,waki,jera,NA,tuku,NA,NA,ta,oa,he,nie,we,i8ue
KINYARWANDA,kin,39,97.5,Kinyarwanda,Africa,Atlantic-Congo,me,bili,nu,fi,ba,da,NA,babi,hu,raso,gufa,heme,ti,iSo,zuru,i5o,limi,vi,tuza,ijima,5a,rora,ma,pa,za,5e5eri,azi,buye,liro,zira,sozi,joro,zura,Sa,zina,zuba,gana,gewe,wowe,tebe
KYRGYZ,kir,39,97.5,Kirghiz,Eurasia,Turkic,bir,eki,kiSi,boluk,it,NA,ZugoC,Zolburok,teri,kon,sek,miyiz,kulok,kez,murun,tiS,til,tize,kekirok,bor,iCi,keri,ugu,eli,keli,Zulduz,su,taS,ot,Cuyur,to,tin,tolturo,Zonu,ot,kin,kol,men,sen,biz
KANURI,knc,40,100,Central Kanuri,Africa,Saharan,tilo,ni,kam,b35i,k3ri,k3N3s3,k3ska,kalu,karawi,bu,Sila,kaNadi,s3mo,Sim,k3nsa,timi,t3lam,NurumNurum,t3gam,k3mat3n,k3nja,ro,fan,no,iso,Silowu,ni,kau,kanu,turwo,k3ri,b3n3,z3m3li,b3lin,Cu,k3Nal,musko,wu,5i,ani
KOONGO,kng,37,92.5,South-Central Koongo,Africa,Atlantic-Congo,mosi,ole,nu,NA,ba,NA,ni,kaya,ubula,iNa,yisi,moka,tu,isu,bomo,inu,dimi,koto,nulu,momo,nwa,mona,wa,fa,kiza,betete,za,tadi,mau,nila,oNo,suku,fuluka,ma,Numu,naNu,oko,NA,Ne,beto
KOMI_PERMYAK_2,koi,40,100,Komi-Permyak,Eurasia,Uralic,3t,k3k,mort,Ceri,pon,Lapa toy,pu,List,kuCik,vir,koska,Sur,peL,Sin,n3r,pi5,k3v,pidz3s,moros,mus,yun3,adzz3n3,k3vn3,kuvn3,Lokn3,k3dz3v,va,iz,bi,tuy,ker3s,oy,t3ra,viL,5im,Sondi,kikar,me,te,miy3
KOREAN,kor,40,100,Korean,Eurasia,Koreanic,han,tul,saram,mul kogi,kE,i,namu,ip,gopjil,pi,bo,bul,ki,nun,ko,i,ho,murup,kasum,kan,masi,po,tut,Cuk,oda,pol,mul,tol,pul,kil,san,pam,Can,sEroun,irum,hE,son,na,taNsin,uri
KARACHAY_BALKAR,krc,37,92.5,Karachay-Balkar,Eurasia,Turkic,bir,eki,adam,Cabak,it,bit,axaC,japrak,teri,kan,siyek,NA,kulak,k3z,burun,tiS,til,NA,NA,bawur,iC,k3r,eSit,3l,kel,jild3z,su,taS,ot,jol,taw,keCe,tolu,jaNi,at,kin,kol,men,sen,biz
RIPUARIAN_GERMAN,ksh,38,95,Kölsch,Eurasia,Indo-European,en,cwei,mEnS,fEZS,hoNk,lus,bom,blad3X,NA,blut,NA,hoXn,uX,ox,nas,caNk,coN,knen,buXS,lab,dreNk3,zen,hiX3,StEr3v3,kom3,SteXn,wazs3r,Sten,fir,weyX,bEr3X,nat,v3l,noy,nam3,zon,hant,iX,du,mir
KWANYAMA_2,kua,36,90,Kuanyama,Africa,Atlantic-Congo,me,vali,nhu,Si,bwa,na,ti,fo,ipa,hone,kipa,iNa,twi,So,yulu,yo,laka,Nolo,vele,xuli,na,mona,da,fya,ya,5ofi,eva,ma5a,nilo,jila,dudu,ufiku,yada,pe,dina,taNo,NA,NA,NA,NA
KUSAL_2,kus,40,100,Kusaal,Africa,Atlantic-Congo,yon,yi,nit,ziN,ba,kiba,ti,vauk,goN,zim,kobut,7il,tobut,nif,5ot,5in,zilim,d3m,bi7sa,sot,nu,5e,w3m,ki,ti na,warabil,k3o7om,kug3ti,b3g3m,sot,zot,yu7uN,pE7E,pal,yu7ut,wintiN,nu7uk,mam,f3,t3m
JUDEO_ESPAGNOL,lad,40,100,Ladino,Eurasia,Indo-European,uno,dos,persona,peSkado,perro,pioxo,arvole,oxa,kuero,saNgre,gueso,kuerno,orexa,oxo,nariz,dyente,lingua,rodiyas,peCo,igado,bever,ver,oir,murir,venir,estreya,agua,pyedra,fuego,kamino,monta5a,noCe,yeno,muevo,nombre,sol,mano,yo,vos,mozotros
LAO,lao,40,100,Lao,Eurasia,Tai-Kadai,nuN,soN,kon,pa,ma,hau,tonmay,baymay,naN,li3t,kaduk,kawsat,hu,ta,daN,kEw,lin,huakaw,tawnom,tap,kin,hen,faN,tay,ma,daw,nam,hin,fay,taN,pu,kun,tem,may,su,tawen,mu,ku,su,haw
LATIN,lat,40,100,Latin,Eurasia,Indo-European,unus,duo,persona,piskis,kanis,pedikulus,arbor,folu,kutis,saNgis,os,kornu,auris,okulus,nasus,dens,liNgE,genu,pektus,yekur,bibere,widere,audire,mori,wenire,stela,aka,lapis,iNnis,viya,mons,noks,plenus,nowus,nomen,sol,manus,ego,tu,nos
LAK,lbe,39,97.5,Lak,Eurasia,Nakh-Daghestanian,ca,kiwa,insan,Cawaq,kaCi,nac,mur,Capi,burCu,Xutu,tark,qi,wiCi,ya,may,karCi,maz,nik,qazam,tilik,XaCan,Calan,bayan,iwCan,uCan,cuku,Sin,Caru,cu,NA,zuntu,xu,ucusa,cusa,ca,bar,ka,na,ina,zi
KUBA_LEZGI,lez,40,100,Lezgian,Eurasia,Nakh-Daghestanian,sad,qed,insan,Xed,kiC,Sukal,tar,peS,Xam,wi,karab,karC,yab,wil,ner,sas,mez,met,Xur,Culow leq,Xowa,aka,wan atu,reqi,atu,ulduz,yad,qan,cay,CiXir,daX,yif,acay,ciyi,tar,raX,Xil,zum,wun,Cun
LIGURIAN_GENOESE,lij,40,100,Ligurian,Eurasia,Indo-European,uN,dui,omu,peSu,kaN,pigEju,erbu,foya,pele,saNgwe,Esu,kornu,wEja,Eju,nazu,dente,liNgwa,Zenuju,petu,fegatu,bEyve,vede,seNti,mui,ve5i,stela,egwa,pria,fEgu,strada,briku,nEte,piN,nEvu,nume,su,maN,mi,ti,nuiatri
LIMBURGISH,lim,40,100,Limburgan,Eurasia,Indo-European,Ein,tvi,minS,vES,hont,lus,boum,blat,hut,blot,knok,hor3,lac,oux,nas,tant,toN,kne,bros,lEv3r,driNk3,ze,hur3,StErv3,kom3,Star,vat3r,StEin,fur,pat,bErk,nax,fol,niy,nam,zon,hant,ix,du,fer
LINGALA,lin,39,97.5,Kinshasa Lingala,Africa,Atlantic-Congo,oko,bale,to,bisi,ba,sili,te,kasa,poso,kila,kuwa,seke,toi,iso,zolo,ino,lemu,boloNo,tolo,bale,mElE,mono,yoka,kufa,ya,zoto,ai,baNa,moto,balabala,goma,butu,ma,sika,komo,i,boko,na,NA,to
LITHUANIAN,lit,40,100,Lithuanian,Eurasia,Indo-European,vienas,du,asmuo,Zuvis,Suo,utele,medis,lapas,oda,krauyas,kaulas,ragas,ausis,akis,nosis,dantis,lieZuvis,kelis,krutine,kepens,ger,mat,girde,mir,atei,ZvaigZde,vanduo,akmuo,ugnis,takas,kalnas,naktis,pilnas,nauyas,vardas,saule,ranka,aS,yus,mes
NONES_GARDENESE,lld,40,100,Ladin,Eurasia,Indo-European,uN,doy,womo,p3S,Ta5,podl,l3N,pleCa,pel,saNk,os,korn,ur3dla,wedl,nEs,d3nt,l3Nga,Z3nodl,pyet,foSk,bev3r,ud3y,awdi,muri,uni,St3yla,Ega,sas,fwek,StrEda,kr3p,nwet,pl35,nwef,inwem,sur3dl,ma5,ye,tu,n3ws
LOMBARD_BERGAMO,lmo,40,100,Lombard,Eurasia,Indo-European,u,du,om,pEs,ka,pyoC,pyanta,foya,pEl,sank,os,koren,orEja,oC,nas,det,lEngwa,jonoC,stomEk,fidek,bif,Et,sinti,mor,E5,stEla,akwa,preda,fok,strada,monta5a,noC,pye,nof,nom,sul,ma,me,te,noter
LURISTANI_KHORRAMABADI,lrc,35,87.5,Northern Luri,Eurasia,Indo-European,yak,di,NA,moi,sey,SES,dor,balg,pus,xun,7oc3xo,Sox,guS,CaS,damox,dano,zabo,zano,pEso,NA,hard,di,7ESnaft,mord,rasEs,sEtora,73w,NA,taS,dZoda,NA,SE,por,nE,nom,7aft3w,das,ma,ti,NA
LUXEMBOURGISH,ltz,39,97.5,Moselle Franconian,Eurasia,Indo-European,ent,cve,mEnS,feS,hond,laus,bam,blat,haut,blut,SaNk,har,ou3r,NA,nu3s,cant,coN,knei,broSt,liEv3r,dreNk3n,g3zin,heiEr3n,StiErv3n,kom3n,StEr,vas3r,Sten,fai3r,pad,biErg,nu3t,fol,nai,num,zon,hand,Ex,du,mir
LUGANDA,lug,40,100,Ganda,Africa,Atlantic-Congo,mu,biri,nu,e5ana,ba,sekere,ti,dagala,diba,sai,guma,jeme,tu,iso,5ino,i5o,limi,vivi,fuba,buma,5wa,laba,wulira,fa,ja,5e5e,azi,jina,liro,kubo,sozi,ro,jula,ga,i5a,juba,kono,ne,me,fe
LATVIAN,lvs,40,100,Standard Latvian,Eurasia,Indo-European,viens,divi,cilveks,zivs,suns,uc,koks,lapa,ada,asinis,kauls,rags,auss,acs,deguns,zobs,mele,celis,kruc,aknas,cer,rece,cirde,mir,nak,zvaigzne,udens,akmens,uguns,ceLS,kalns,nakc,pilns,yauns,vards,saule,roka,es,tu,mes
MADURESE,mad,35,87.5,Madurese,Papunesia,Austronesian,setoN,duwa7,oreN,yuko7,pate7,koto,NA,daun,kole7,dara,tolaN,NA,kopeN,mata,eloN,gigi,yila,NA,soso,ate,Nemon,Nanela,ediN,mate,dateN,binaN,aeN,bato,apoy,loroN,NA,malem,NA,a5ar,5ama,are,tanaN,seNo7,bana,seNo7
EASTERN_MARSHALLESE,mah,34,85,Marshallese,Papunesia,Austronesian,juon,ruo,armEj,Ek,kidu,kij,NA,bolok,kil,da,di,NA,jilNi,maj,boti,Ni,lo,NA,itut,aj,idak,lalE,roN,mEj,atok,iju,dan,dEka,kijEk,iaL,NA,boN,NA,kal,at,NA,pa,Na,Eok,koj
MAITHILI,mai,34,85,Maithili,Eurasia,Indo-European,ek,du,s3ks,m3Cli,kukur,buia,per,p3tta,C3mra,NA,har,NA,kan,aik,nak,NA,NA,tehun,st3n,NA,pi3b,dek3b,sun,m3ir,au,NA,pain,paSt3r,3gni,r3sta,p3har,rait,b3r,n3w3,nam,suruy,hat,h3m,to s3b,3pne s3b
MALAYALAM,mal,40,100,Malayalam,Eurasia,Dravidian,onu,rantu,manuSan,matsam,nayu,penu,maram,ila,tolu,raktam,elu,kompu,katu,kanu,muku,palu,naku,muLaNkal,maru,iral,kuti,kanu,keL,mari,varu,nakSatram,veLam,kalu,ti,vaLi,mala,ratri,nira5a,putu,peru,suran,kai,5an,ni,naNaL
MARATHI,mar,38,95,Marathi,Eurasia,Indo-European,ek,don,manus,maCli,k3tra7,j3nu7,vrikS37,pan,C3mdi,rat,hEdi7,sun,kan37,doLE7,nak,dan,jib,gutn37,NA,NA,bi,b3g,ayk,mr3tu7,ye,tare,pani,d3g3d,ag37,marg37,pahad,ratri7,purn37,n3vin,nav,sury37,hat,mi,tula,ap3n
MOKSHA,mdf,40,100,Moksha,Eurasia,Uralic,fka,kafta,loma5,kal,pi5e,si,Sufta,lopa,kiske,ver,pakar,sura,pile,selme,Salxka,pey,kal,el,pota,maksa,simoms,5ayems,marams,kuloms,sams,taSte,ved,kev,tol,yan,panda,ve,paSkse,od,lem,Si,kad,mon,ton,mi5
MEADOW_MARI_2,mhr,40,100,Eastern Mari,Eurasia,Uralic,yik,kokot,yeN,kol,piy,tiy,puSeNge,loStoS,kovoSte,vir,lu,Sur,poloS,SinCo,ner,piy,yolme,pulvuy,Coze,mokS,yioS,uZoS,koloS,koloS,toloS,Sidor,vid,ki,tul,yolgorno,kurok,yid,tiC,u,lim,keCe,kid,moy,toy,me
MINANGKABAU,min,34,85,Minangkabau,Papunesia,Austronesian,Cie7,duo,uraN,ikan,aniaN,kutu,NA,daun,kulik,darah,tulaN,NA,taliNo,mato,iduaN,gigi,lidah,NA,susu,ati,minun,malie7,manaNa,mati,tibo,binaN,aie,batu,api,labuah,NA,malam,NA,baru,namo,NA,taNan,amo,wauN,kito
MACEDONIAN,mkd,40,100,Macedonian,Eurasia,Indo-European,EdEn,dva,CovEk,riba,kuCE,voSka,drvo,list,koZa,krv,koska,rog,uvo,oko,nos,zab,yazik,kolEno,grada,jigEr,piE,glEda,sluSa,umira,doaga,cvezda,voda,kamEn,ogan,pat,planina,nok,poln,nov,imE,soncE,raka,yas,ti,niE
MALTESE,mlt,40,100,Maltese,Eurasia,Afro-Asiatic,wiEXEt,tnEn,pErsuna,Xuta,kElp,amla,sijra,wEr7a,jilda,dEm,Xadma,arn,widna,Xan,imniEXEr,sina,ilsiEn,irkoba,sidEr,fwiEt,Sorp,ra,tisma,tmut,tiji,kEwkba,ilma,Xajra,nar,modiya,muntana,lEl,mimli,jdit,isEm,SEmS,it,yiEnE,inti,aXna
MEITEI,mni,40,100,Manipuri,Eurasia,Sino-Tibetan,ama,ani,mi pum,Na,hui,hik,u,la,un,i,Saru,ci,na,mit,natol,ya,lei,kuku,kom,pirak,tak,u,ta,si,lak,tawanmicak,isiN,nuN,mei,lambi,ciN Zao,ahiN,talba,anouba,miN,nu mit,kut,ei,naN,eikoi
MON,mnw,40,100,Mon,Eurasia,Austroasiatic,may,ba,mnih,ka,kluiw,Cay,Cu,sla,snam,Cim,Zut,draN,katow,mat,muh,Nek,katak,kboaN,tah,gruih,suN,5at,miN,kuit,kluN,saman,dak,tmo7,pamat,traw,duiw,btam,peN,tami,imu,tNay,tay,ay,beh,puiy
MOORE,mos,40,100,Mossi,Africa,Atlantic-Congo,a yemre,a yibu,nEda,kulzeoxo,baxa,karaga,tixa,vado,gaogo,zim,kobre,yille,tubre,nini,5ore,5ende,zelEmde,dundi,5aoxo,saore,5u,5a,wume,ki,wa,adxa,kom,kugri,bugum,sore,taga,yungo,pidi,palxa,yure,wEnde,nugu,em,fo,tod
MAORI,mri,36,90,Maori,Papunesia,Austronesian,tahi,rua,taNata,ika,kuri,kutu,rakau,rau,kiri,toto,poroiwi,NA,tariNa,mata,ihu,niho,arero,NA,NA,ate,inu,kite,roNo,mate,haramai,whetu,wai,kohatu,ahi,huarahi,mauNa,popouri,NA,hou,iNoa,ra,riNariNa,au,koutou,tatau
HILL_MARI,mrj,40,100,Western Mari,Eurasia,Uralic,iktu,kok,e8em,kol,pi,ti,puSENgu,listu,kovoSt3,vur,lu,Sur,puluS,sunzE,ner,pi,yulmu,p3lvuy,cuzu,mokS,yiES,uZoS,koloS,voz3n koloS,toloS,Su8ur,vu8,ki,t3l,yalxorn3,k3r3k,y38,temSu,u,lum,keCu,lopo,m3y,tun,mE
CREEK,mus,39,97.5,Creek,North America,Muskogean,hamkin,hokolin,isti,LaLo,ifa,iCka,ito,NA,haLpi,Cati,ifoni,yapi,hokCo,toLwa,yopo,noti,tolaswa,toLkowa,hokpi,lopi,iskita,hiCita,pohita,ilita,atita,koCaCampa,oywa,Cato,totka,nini,ikanalwi,niLaki,faCkita,moCasi,hoCifka,hasi,inki,ani,Cim,pomi
MIRANDESE,mwl,35,87.5,Mirandese,Eurasia,Indo-European,uNa,dues,umano,peixe,perro,NA,arbores,foLa,NA,sangre,osso,NA,oureiLa,oLo,nariC,diente,Lengua,geolho,peito,NA,buber,ber,ubir,morrer,benir,streiLa,auga,piedra,fogo,camino,munta5a,nuite,txeno,nobo,NA,sole,mano,yu,tu,mos
BURMESE,mya,40,100,Burmese,Eurasia,Sino-Tibetan,taT,hnaT,lu,Na,ke,san,satpaN,saTrak,are,se,arui,kui,na,makTi,hnakauN,sa,hla,du,raN,asa5,suak,mraN,kra,siy,la,kray,riy,kauk,mi,lam,tauN,5a,pra5,sat,ama5,niy,lak,kantau,TaN,kantautui
ERZYA,myv,40,100,Erzya,Eurasia,Uralic,veke,kavto,loma5,kal,kiska,CiCav,Cuvto,lopa,ked,ver,lovaZa,suro,pile,seLme,sudo,pey,keL,kumaZa,meSte,makso,simems,neyems,marams,kuloms,sams,teSte,ved,kev,tol,ki,ine pando,ve,peSkse,od,lem,Cipay,ked,mon,ton,mi5
SARI,mzn,40,100,Mazanderani,Eurasia,Indo-European,yek,do,adem,mayi,sak,espiC,dar,valg,pus,xun,esaxun,Sax,guS,CeS,demaq,dandun,zebun,zanu,sine,jiger,baxord,badiy,beSnus,bamerd,biyamu,setare,u,saN,taS,kuCe,ku,Su,per,nu,es,aftab,das,men,te,ama
NEAPOLITAN_CALABRESE,nap,40,100,Continental Southern Italian,Eurasia,Indo-European,un3,doye,kr3styan3,peS3,kan3,p3ruky3,ab3r3,foy3,pEl3,sang3,wos3,korn3,reky3,woky3,nas3,dEnte,lengw3,d3nuky3,pyetE,fExat3,vEb3r3,v3rE,s3nti,muri,v3ni,stel3,akw3,prEt3,fok3,strat3,munta53,not3,kin3,nwov3,nom3,sol3,man3,iy3,tu,nuy3
NAURUAN,nau,34,85,Nauru,Papunesia,Austronesian,i7en,ro,eName,iu,robar,iwi,NA,ret emin ero,witsin,ra,ro,NA,ijuNe,me,bodin,imwi,eo,NA,barran,a,eren,at,kaiot,ma,tuko,edetaN,bok,pe,oE,dena,NA,bum,NA,etaimeduw,eg,NA,be,a,auwe,adei
NAVAJO,nav,40,100,Navajo,North America,Athabaskan-Eyak-Tlingit,La7i,naki,dine,Lo7,Li,ya7,cin,ata7,akagi,diL,cin,ade7,aja7,ana7,aCih,awo7,aco7,agod,abe7,azid,ada,yiSi,dica7,dazca,yigah,so7,to,ce,ko7,atin,diL,te7,hadezbin,anid,aZi7,Sa,ala7,Si,nihi,nihi
NDEBELE,nbl,29,72.5,South Transvaal Ndebele,Africa,Atlantic-Congo,NA,bili,ntu,NA,ya,NA,ti,blari,sikumba,NA,NA,pondo,NA,hlo,pumulo,zynyo,NA,dolo,bele,NA,selani,bona,vi,fa,dana,NA,banti,tye,lilo,NA,ndaba,busuku,NA,Ta,bizo,langa,sandla,mina,wena,thina
NAHUATL_CHICONTEPEC,nch,30,75,Central Huasteca Nahuatl,North America,Uto-Aztecan,NA,NA,Laka,miC,CiCi7,atim,kaw,Siw,kelaS,es,omi,kakaw,nakas,iSti,yekacoL,LankoS,nenepeL,tlaNka,yoliStipa,eltapaC,NA,NA,NA,miki,NA,siLal,a,NA,Li,o,tepe,NA,NA,yaunkik,NA,tona,ma,na,ta,towante
NDONGA_2,ndo,36,90,Ndonga,Africa,Atlantic-Congo,me,yali,ntu,hi,bwa,na,ti,fo,ipa,minzi,sipa,luniga,kuci,eho,yulu,yego,laka,Nolo,gunji,huli,na,mona,va,sa,ya,yoti,eya,ma5a,lilo,jila,dunu,usiku,dha,ipe,dhina,taNo,NA,NA,NA,NA
NORTHERN_LOW_SAXON,nds,40,100,Eastern Low German,Eurasia,Indo-European,en,tve,minS,fiS,hunt,lus,bom,blat,hut,blot,knok3n,horn,or,ok,nes,ten,tuN,kne,borst3n,lev3r,driNk,ze,her,starv,kam,stern,vat3r,sten,fi3r,pat,bark,nat,ful,ne,nam,zin,hant,ik,du,vi
DOLAKHA_NEWAR,new,36,90,Kathmandu Valley Newari,Eurasia,Sino-Tibetan,ti,nis,mi,Na,khiCa,si,sima,pat,Ceuri,hi,kosa,NA,nasputi,mika,nas,NA,me,NA,NA,sela,ton,kon,tar,sir,yer,nakti,loku,sila,mi,mula,paka,Canas,tikar,nulu,nam,nibar,laha,Ti,Ti,TiTi
NIAS_SOUTHERN,nia,39,97.5,Nias,Papunesia,Austronesian,sara,dua,niha,i7a,asu,utu,eu,bulu,uli,no,t3la,NA,talina,mata,ikhu,if3,lela,bal3tuhi,susu,ate,inu,ila,rono,mate,moroi,ndr3fi,idan3,batu,alit3,lala,hili,boni,f3n3,bohou,t3i,sino,tana,ya7o,ya7ug3,ya7ita
DUTCH,nld,40,100,Dutch,Eurasia,Indo-European,en,tve,pErson,vis,hont,l3is,bom,blat,h3id,blut,ben,horn,or,oX,nes,tant,toN,kni,borst,lev3r,driNk3n,zin,hor3n,stErv3n,kom3n,ster,vat3r,sten,vir,pat,bErx,nat,vol,niu,nam,zon,hant,ik,yEi,vEi
NORWEGIAN_BOKMAAL,nor,40,100,Norwegian,Eurasia,Indo-European,En,tu,mEnesk3,fisk,h3nd,l3s,tre,blod,h3d,blud,bEin,horn,er3,ey3,nes3,ton,t3N3,kne,briN3,lev3r,drik3,se,her3,de,kom3,stErn3,von,stEin,ild,vEi,bErg,not,f3l,ni,navn,sol,hond,yEi,d3,vi
NEPALI,npi,36,90,Nepali,Eurasia,Indo-European,ek,NA,jana,maCa,kukur,jumra,ruk,pat,Cala,ragat,har,sig,kan,anka,nak,dat,jibro,gura,Catu,kalejo,kanu,dek,sunnu,NA,aunu,tara,pani,duga,ago,Corbato,pahar,rat,bareko,naya,nau,gam,hat,ma,NA,NA
NAROM,nrm,35,87.5,Narom,Papunesia,Austronesian,Ce,debe,NA,puta,au,guteu,hayeu,da7on,kulet,sema,tuha,NA,teliNa,mata,siNut,nipan,jilir,NA,tete,atai,misap,laud,pelitap,matai,duCo,patak,fer,bateu,iguen,jalien,NA,lem,NA,berau,5adien,matadiu,taNan,kau,hau,hamai
SOTHO_NORTHERN,nso,32,80,Pedi,Africa,Atlantic-Congo,te,bedi,to,Lapi,pa,NA,Lare,Lakala,NA,adi,NA,naka,coga,iLo,ko,ino,meme,tolo,huba,NA,na,bona,ka,ha,La,ledi,ece,fika,olo,cela,taba,Sego,Lala,NA,ina,tati,aLa,NA,NA,NA
CEWA,nya,36,90,Nyanja,Africa,Atlantic-Congo,moci,biri,nthu,somba,galu,sabwe,tengo,ani,khungu,azi,fupa,phondo,khutu,so,phuno,no,lime,ondo,ganga,bindi,mwa,ona,mva,fa,ca,nyenyeri,aci,ala,moto,jira,phiri,usiku,cala,copano,ina,cuba,NA,NA,NA,NA
GASCON,oci,40,100,Occitan,Eurasia,Indo-European,i,dis,omi,pES,ka,pedui,arbe,wueyo,pEt,saN,os,korno,aureyo,wey,nas,den,leNo,Zuy,pupo,hiCe,beore,beze,auzi,kreba,biene,estero,aigo,pEiro,huek,kami,munta5o,nwoyt,ple,nau,num,sureL,ma,jo,ti,nuzanes
OLONETS_KARELIAN,olo,40,100,Livvi,Eurasia,Uralic,iksi,koksi,ristikonzu,kolo,koiro,tEi,pu,lExti,hibyu,vEri,lu,sorvi,korvu,silmi,nEnE,hommos,kiEli,polvi,nEnni,moksu,yuvvo,nExtE,kulto,kuolto,tullo,tiExti,vEzi,kivi,tuli,troppu,mEgi,iE,tEizi,uzi,nimi,pEivi,kEzi,minE,sinE,miE
ORIYA,ory,39,97.5,Odia,Eurasia,Indo-European,eko,dui,loko,maTo,kukuro,NA,goto,potro,Tomoda,rokto,haro,singo,kano,aki,nako,danto,Tibo,antu,Tati,koliTa,pi,dek,sun,mor,as,tora,pani,potoro,n5i5a,rasta,porboto,rati,pureneno,nua,namo,surTyo,hato,m5u,tu,ame
DIGOR_OSSETIAN,oss,40,100,Iron Ossetian,Eurasia,Indo-European,yew,duwE,adEmag,kEsalgE,kuy,sistE,bElasE,sifE,car,tog,stEg,sika,xos,cEstE,fiy,dEndag,Evzag,wErag,rew,yegEr,niwaz,win,ixos,mEl,cEw,stalu,don,dor,Zing,fEndag,XonX,EXsEvE,icag,nEwEg,nom,Xor,arE,Ez,du,maX
PANGASINAN,pag,33,82.5,Pangasinan,Papunesia,Austronesian,sakey,duara,to,sira,aso,kuto,NA,buloN,balat,dala,pokel,NA,layag,mata,eleN,Nipen,dila,NA,suso,altey,inom,neNneN,deNuel,unpatey,laka,biteuen,danom,bato,po7ol,NA,NA,labi,NA,balo,Naran,NA,lima,siak,sika,sikami
KAPAMPANGAN,pam,34,85,Pampanga,Papunesia,Austronesian,metuN,adwa7,tau,asan,asu,kutu,NA,buluN,balat,daya7,binyas,NA,balugbug,mata,aruN,ipan,dila7,NA,susu,ate,inum,ikit,damdaman,mate,dataN,batwin,danum,batu,api7,dalan,NA,beyi,NA,bayu,lagyu7,NA,gamat,aku,ika,itamu
PUNJABI_MAJHI,pan,40,100,Eastern Panjabi,Eurasia,Indo-European,ikk,do,admi,maTTali,kutta,Tu,daraxt,patta,kall,kun,haddi,siNg,kann,akk,nakks,dand,Tib,goda,Tati,kaleTa,pina,vekna,suna,marna,ana,tara,pani,vatta,agg,sarak,par,rat,pura,nava,na,suraT,hatt,mai,tusi,asi
PAPIAMENTO,pap,40,100,Papiamento,South America,Indo-European,un,dos,persona,piska,kaCo,pieu,palo,blaCi,kuero,saNger,weso,kaCo,horeya,wowo,naniSi,jente,leNga,rudia,peCu,higra,bebe,mira,tende,dou,bin,strea,awa,pieda,kandela,kaminda,sero,noCi,yen,nobo,nomber,solo,man,mi,bo,anos
NORTHERN_PASHTO,pbu,40,100,Northern Pashto,Eurasia,Indo-European,y3o,da,sare,k3b,spe,wr3ga,w3n3,pana,sarm3n,wina,aduke,xk3r,x3g,st3rg3,poz3,xax,jib3,zangun,sina,ena,sk3,k3t3,awred3,mr3,ratl3,store,ub3,kane,our,lar,Gar,Spa,dad,nawe,num,n3r,las,z3,t3,muNg3
NIGERIAN_PIDGIN,pcm,39,97.5,Nigerian Pidgin,Africa,Indo-European,won,tu,pEsin,fiS,dog,krokro,stik,lif,skin,blod,bon,bon,yEr,ay,noz,tit,toN,lEg,brEs,liva,drin,si,hyar,day,kom,star,wota,ston,faya,rod,mawnEn,nayt,ful,5u,nem,son,han,NA,yu,wi
GERMAN_PENNSYLVANIA,pdc,28,70,Pennsylvania German,North America,Indo-European,E,cvE,NA,fiS,hunt,NA,bam,blat,NA,NA,NA,NA,or,NA,NA,ca,cuN,NA,bruSt,NA,drinkE,sEnE,hErE,NA,kumE,Stan,vasa,StE,faia,vEk,barrik,naxt,NA,nai,namE,sun,hant,ix,du,mir
PERSIAN,pes,40,100,Western Farsi,Eurasia,Indo-European,yek,do,ens3n,m3hi,sag,SepeS,deraxt,barg,pust,xun,ostoxun,S3x,guS,CeSm,dam3G,dand3n,zab3n,z3nu,pestun,jegar,xord,did,Senid,mord,3mad,setare,3b,sang,3teS,rah,kuh,Sab,por,t3zeh,esm,xorSid,dast,man,to,m3
PITKERN,pih,22,55.00000000000001,Pitcairn-Norfolk,Papunesia,Indo-European,on,NA,bogo,fiS,do3g,NA,tri3,NA,NA,blod,bon,NA,ear,ey,NA,NA,NA,NA,bobi,NA,driN7,lukon,h7yu,NA,NA,NA,woto,NA,faia,rud,maunen,nait,fulop,NA,NA,NA,hon,NA,yu,o7lon
PALI,pli,40,100,Pali,Eurasia,Indo-European,eka,dvi,pugala,maCa,sunaka,uka,ruka,pata,taCa,rudira,ati,siNga,sota,aki,nasa,danta,jiva,janu,tana,yakana,pivati,pasati,sunati,marati,agacati,tara,jala,sila,agi,pata,pabata,nisa,puna,nava,nama,suriya,hata,ahaN,tumhe,mayaN
MALAGASY_MERINA,plt,40,100,Plateau Malagasy,Africa,Austronesian,irai,rua,uluna,hazananu,alika,hau,hazu,ravina,hudita,ra,taulana,tanuka,sufina,masu,uruna,nifi,lela,luhalika,nunu,ati,isutu,hita,ihainu,mati,avi,kinana,ranum,vatu,afu,lalana,tenumuhita,alina,fenu,vau,anarana,masuanu,tanana,ahu,hianau,isika
PIEMONTESE_1,pms,40,100,Piemontese,Eurasia,Indo-European,un,doe,om,pes,kan,piEC,arbra,fEya,pel,saN,os,corn,oriya,EC,nas,dent,leNga,ginoy,pet,fidig,bEive,vedde,senti,mEire,vni,stEila,eva,pera,fE,stra,monta5a,nEit,pyen,nEv,nom,sol,man,mi,ti,nui
WESTERN_PANJABI_SHAHPUR,pnb,36,90,Western Panjabi,Eurasia,Indo-European,hekk,doE,banda,NA,kutta,NA,Tar,patr,Tamm,lahu,haddi,siNg,kann,akkh,nakk,dandd,Tibb,goda,hikk,hota,pi,takk,sun,mar,a,tara,nir,dil,agg,rah,pahar,rat,NA,NA,na,dEhE,hatt,mai,i,ahse
POLISH,pol,40,100,Polish,Eurasia,Indo-European,yEdEn,dva,osoba,r3ba,piEs,vES,dZEvo,liSC,skura,krEf,koSC,ruk,uxo,oko,nos,zop,yEz3k,kolano,piErS,votroba,piC,vijEC,sw3SEC,umiEraC,pZ3b3C,gviazda,voda,kamiE5,ogiE5,SCEZka,gura,noc,pEwn3,nov3,imiE,swo5cE,rEka,ya,t3,m3
PORTUGUESE,por,40,100,Portuguese,Eurasia,Indo-European,u,doiS,pErzon,paiS3,kau,pioLu,Ervur3,foLa,pEl3,sax3,osu,Sifr3,oraLa,oLu,nariS,det3,ligua,ZuaLu,saiuS,fixa8u,b3b,ver,ov,mur,vir,3Strela,Ega,pEdra,fogu,seda,mota5a,noyt3,Seyu,novu,nom3,sol,mau,eu,tu,noS
BUTANGLU_PAIWAN,pwn,34,85,Paiwan,Papunesia,Austronesian,ita,dusa,NA,Tiqaw,vatu,kuTu,NA,asaw,qaliT,damuq,Tuq3LaL,NA,TaLiNa,maTa,Nudus,aLis,s3ma,NA,tutu,qaTay,t3m3k3L,paTunan,iLanda,maTay,manL3z,vituqan,zaLum,qaTiLay,sapuy,daLan,NA,qaz3m3z3m3t,NA,vaquwan,Nadan,qadaw,aviyaqan,tia73n,tisun,timata
QUECHUA_AYACUCHO,quy,40,100,Ayacucho Quechua,South America,Quechuan,huk,iskay,runa,CaLwa,aLXu,usa,saCa,LaXi,Xara,yawar,tuLu,waXra,rinri,5awi,sinXa,kiru,XaLu,muXu,5u5u,kipCan,upu,Xawa,uyari,wa5u,hamu,XuyLur,yaku,rumi,nina,5an,urXu,tuta,hunta,musuX,suti,inti,maki,5uXa,Xam,nuXanCik
GURBET_ROMANI,rmy,40,100,Vlax Romani,Eurasia,Indo-European,yek,duy,jeno,maCo,juSol,juv,kaS,patrin,koZa,rat,kokalo,Sin,kan,yak,nak,dan,Cib,Can,CuCka,buSe,piyel,diSol,asunel,merel,avel,Ceharin,kaplo,ar,yag,drom,play,yrat,perdino,nevo,alav,kam,va,me,tu,amen
ROMANSH_GRISHUN,roh,40,100,Romansh,Eurasia,Indo-European,en,dus,k3rSTawn,peS,Tawn,pluL,plant3,feL,pel,saNk,os,korn3,ureL3,eL,nas,dEnt,lyewNg3,Z3neye,pET,5irom,bayv3r,v3zayr,udir,murir,v35ir,Stayl3,aw3,krap,fyew,vi3,munto53,noT,playn,nof,num,suleL,mawn,yaw,ti,nus
ROMANIAN_2,ron,40,100,Romanian,Eurasia,Indo-European,unu,doy,om,peSte,kaine,paduke,arbore,foaie,pyele,s3nje,os,korn,ureke,oky,nas,dinte,limb3,jenuNky,s3n,fikat,bea,vedea,auzy,deceda,veny,stea,ap3,pyatr3,fok,cale,colina,noapte,plin,now,nume,soare,m3n3,ew,tu,noy
RUSYN,rue,38,95,Rusyn,Eurasia,Indo-European,yedEn,dva,osoba,r3ba,pEs,uSa,drEvo,NA,skora,krEv,kosc,rox,uxo,oko,nos,zub,yaz3k,koleno,cicka,pEC3nka,pic,v3c3,sluxa,m3r3,NA,xv3zda,voda,kamE5,ogE5,draxa,xora,noc,poln3,nov3,meno,slunko,ruka,ja,t3,m3
J62_RUNDI,run,36,90,Rundi,Africa,Atlantic-Congo,mwe,biri,ntu,fi,bwa,da,ti,babi,sato,raso,gufa,hembe,twi,so,zuru,inyo,rimi,vi,bere,tigu,nyo,bon,umv,pfu,za,nyenyeri,zi,buye,Tanwa,zira,sozi,joro,uzur,Sa,zina,zuba,NA,NA,NA,NA
BELOGORNOJE,rus,40,100,Russian,Eurasia,Indo-European,odin,dva,Celovek,r3ba,sobaka,bloxa,dereva,list,koZa,krof,kost,rok,uxo,glas,nos,zup,yaz3k,koleno,grut,peCen,pit,videt,sliSat,umirat,priyti,zvezda,voda,kamen,ogon,doroga,gora,noC,poln3y,nov3y,ima,sonce,ruka,ya,t3,m3
SANGO_3,sag,39,97.5,Sango,Africa,Atlantic-Congo,oko,use,NA,susu,mbo,pou,keke,ke,polo,mene,mbyo,nZa,me,le,ron,te,mimba,kuku,me,bebe,yon,ba,me,kwi,ga,tongolo,ngu,tene,wa,lege,hoto,bi,aSi,fini,yili,la,ti,mbi,mo,i
SAKHA_2,sah,40,100,Sakha,Eurasia,Turkic,bir,ikki,kihi,baluk,ut,but,mas,sebirdex,tiri,xan,uNuox,muos,kulgax,xarax,murun,tis,tul,tobuk,emiy,buar,is,ker,bil,el,kel,sulus,u,tas,uot,ulluk,xaya,tin,toloru,saNa,at,kin,ili,min,en,bihigi
SANSKRIT,san,40,100,Sanskrit,Eurasia,Indo-European,ek3h,dv3u,manuS3h,min3h,Sva,yuka,vikS3,p3tr3m,tv3k,rudir3m,3sti,SiNg3m,k3rN3h,netr3m,nasika,d3nt3h,Tjihva,Tanu,st3n3h,y3kit,pa,diS,Sru,mi,ag3m,tara,T3l3m,pr3st3r3h,3gnih,p3ntah,p3rv3t3h,n3kt3m,purn3,n3v3,nam3,sury3h,h3st3h,3h3m,tv3m,v3y3m
SANTALI,sat,38,95,Santali,Eurasia,Austroasiatic,mit,bar,hor,barsi,seta,si,dare,sakam,harta,mayam,jaN,dere5,lutur,met,mu,data,alaN,NA,nunu,in boro,5u,5el,ajom,guju7,hiju7,ipil,da7,diri,segel,kuli,buru,5id3,NA,nawa,5utum,si5 Cado,ti,i5,am,abo
SICILIAN_UnnamedInSource,scn,38,95,Sicilian,Eurasia,Indo-European,unu,du,pirsuna,peSi,kani,NA,arbulu,fogia,pedi,saNgu,osu,kornutu,orikia,okiu,naska,denti,liNa,dinokiu,petu,fiCatu,biviri,vidiri,sentiri,moriri,veniri,stida,aka,petra,foku,strata,munta5a,noti,Cinu,novu,nomi,suli,manu,iu,NA,nuautri
SCOTS,sco,39,97.5,Scots,Eurasia,Indo-European,en,to,bodi,fiS,dog,lus,tri,lif,skin,blid,ben,horn,ir,i,noz,te8,toN,ni,birzk3t,NA,driN,si,hir,di,kam,starn,wat3r,sten,f3i3r,pad,bEn,nit,fu,nu,nem,son,hond,a,yi,wi
TASHELHIT_IDA_USEMLAL,shi,40,100,Tachelhit,Africa,Afro-Asiatic,yan,sin,bnadm,aslm,aydi,tilkit,SZr7t,afraw,ilm,idamn,ixs,isk,amz7ux,tit7,tinxrt,axs,ils,afud,tabubat,tasa,su,z7r,sfld,mt,aSk,itri,aman,tagunt,l7afit,axaras,adrar,ad7,ktur,leZdid,ism,tafukt,afus,nk,ky,nkni
NORTHERN_SHAN,shn,40,100,Shan,Eurasia,Tai-Kadai,n3N,soN,kon,pa,ma,haw,tonmay,ma3may,naN,l3t,lup,kaw,hu,ta,khulaN,kew,lin,hokaw,tawnom,tap,sot,han,Nin,tay,ma,law,nam,makhin,fay,taN,koN,kaNk3n,tem,ma3,T3,lEt,m3,kaw,ma3,haw
SINHALA,sin,29,72.5,Sinhala,Eurasia,Indo-European,eka,deka,minisa,maLuva,balla,NA,gas,NA,NA,le,NA,ana,kana,asa,nakutu,data,diva,NA,NA,NA,bonava,NA,ahe,mare,enava,taraka,vatura,gala,NA,mana,kana,raya,NA,nava,nama,ira,NA,mama,oya,api
SERAIKI,skr,35,87.5,Saraiki,Eurasia,Indo-European,hik,du,b3nd3,m3Ci,kuta,NA,d3r3t,p3t3ra,C3mra,r3t,h3di,siNg,k3n,3k,n3k,d3nd,jib,NA,sin3,NA,pi,dek,son,m3r,a,tar3,pani,p3t3r,ba,ra,NA,rat,NA,n3wa,na,di,ba,mai,tu,3sa
SLOVAK,slk,40,100,Slovak,Eurasia,Indo-European,yeden,dva,Clovek,riba,pes,voS,strom,list,koZa,krv,kosT,roh,uxo,oko,nos,zub,yazik,koleno,hruT,peCe5,pi,vidie,poCu,zomrie,pris,hviezda,voda,kame5,ohe5,cesta,vr,noc,plni,novi,meno,slnko,ruka,ya,ti,mi
SLOVENIAN,slv,40,100,Slovenian,Eurasia,Indo-European,EdEn,dva,oseba,riba,pEs,uS,drEvo,list,koZa,kri,kost,rog,uho,oko,nos,zob,yEzik,koleno,prsi,yetra,piti,vidEti,sliSati,umirati,prihayati,zvezda,voda,kamEn,oga5,stEza,gora,noC,poln,nov,ime,soncE,roka,yaz,ti,mi
NORTHERN_SAAMI,sme,40,100,North Saami,Eurasia,Uralic,okto,kuokte,olmmoS,kuolli,peEno,tihkki,muorro,losto,liyki,vorro,takti,CoorEvi,peELLi,ColEbmi,5unni,patni,5uovtCo,Cibpi,Cidji,vuEyvvos,yuhkoh,ooidnh,kulloh,yapmih,poohtih,nasti,Cahci,keE8Eki,tollo,palgkis,varri,iTTo,tiEvvo,o8os,nommo,pEyvvaS,kiEhto,mun,ton,miy
INARI_SAAMI,smn,40,100,Inari Saami,Eurasia,Uralic,oto,kieti,olmoS,kieli,penuv,tike,muoro,losto,liSke,voro,tEti,Cuarvi,peLi,Calme,5une,pEni,5uovCo,ido,5amah,vuoivos,yuho,uoini,kulo,yEmi,puati,tEsni,CEci,ke8gi,tulo,pElgis,vEri,iyo,tievos,u8os,nomo,peivi,kieto,mun,tun,miy
SAMOAN,smo,40,100,Samoan,Papunesia,Austronesian,tasi,lua,taNata,i7a,maile,utu,la7au,lau,pa7u,toto,ivi,nifo,taliNa,mata,isu,nifu,laulaufaiva,tulivae,susu,ate,inu,va7ai,fa7aloNo,oti,sau,fetu,suavai,ma7a,afi,ala,mauNa,po,tumu,fou,iNoa,la,lima,ita,oulua,matou
SHONA,sna,38,95,Shona,Africa,Atlantic-Congo,me,viri,nu,hove,ba,da,ti,Sija,gana,ropa,godo,5aNa,zeve,ziso,mumo,zino,rimi,bi,zamu,ropa,na,ona,na,fa,uya,5e5eci,vura,be,oto,zira,gomo,siku,zara,ca,zita,zuva,di,ini,NA,NA
SINDHI_2,snd,38,95,Sindhi,Eurasia,Indo-European,hiku,ba,purusu,maCu,kuto,jua,vanu,panu,Cana,rata,hado,singh,kan,nenu,nak,dand,diba,gode,uraho,NA,pi,dis,sun,mar,ayo,taro,pani,pahan,age,randu,NA,rate,puro,nao,nalo,suriju,hatu,au,tu,asi
SOMALI,som,39,97.5,Somali,Africa,Afro-Asiatic,mid,laba,qof,kalun,ey,injir,ged,Xalen,NA,Tig,laf,ges,Teg,il,san,ilig,Xarab,jilib,lab,ber,ab,arag,maqal,Timo,iman,Xidig,biyo,TagaX,dab,wado,bur,haben,buXsan,Xusub,magaXa,qaraX,gaXan,aniga,adigu,innagu
SOTHO_SUD,sot,36,90,Southern Sotho,Africa,Atlantic-Congo,nNe,badi,to,lhapi,tya,ta,fatE,hlaku,tlalo,adi,sapo,naka,cEbE,ihlo,ko,ino,leme,Nole,cwElE,bete,na,lewatlE,utlwa,thwa,tla,lEdi,Eci,jwa,ollo,cela,taba,siu,tlala,tha,bico,caci,NA,NA,NA,NA
SPANISH,spa,40,100,Spanish,Eurasia,Indo-European,uno,dos,persona,peskado,pero,pioho,arbol,oha,piel,sangre,weso,kerno,oreha,oho,naris,diente,lenga,rodiya,peCo,igado,bebe,ve,oir,mori,veni,estreya,aga,piedra,fuego,senda,sero,noCe,yeno,nuevo,nombre,sol,mano,yo,ustet,nosotros
SRANAN_TONGO,srn,38,95,Sranan Tongo,South America,Indo-European,wan,tu,libisma,fisi,dagu,loso,bon,NA,skin,brudu,bono,tutu,yesi,NA,noso,tifi,toNo,kini,bobi,lefre,driNi,si,yere,dede,kon,stari,watra,ston,faya,alatapasi,bergi,neti,furu,nun,nen,son,anu,mi,unu,unu
SARDINIAN_CAMPIDANESE,sro,40,100,Campidanese Sardinian,Eurasia,Indo-European,unu,duzu,omini,piSi,kai,prioxu,mata,fola,pEdi,SaNguni,osu,koru,orixa,oxu,nazu,dEnti,limba,jenuxu,pitura,figaw,bufay,biri,intEndi,mori,bEni,stEda,aba,perda,foxu,aruxa,monti,noti,prenu,now,nomini,soli,manu,dEw,tuy,nozu
SERBOCROATIAN,srp,40,100,serbian,Eurasia,Indo-European,yedan,dva,Covek,riba,pas,vaS,drvo,list,koZa,krv,kost,rog,uvo,oko,nos,zub,yezik,koleno,grudi,yetra,pi,vide,sluSa,umre,dolazi,zvezda,voda,kamen,vatra,ulica,planina,nox,pun,novi,ime,sunce,ruka,ya,ti,mi
HLUBI,ssw,40,100,Swati,Africa,Atlantic-Congo,5e,mini,nu,tani,ja,nala,ti,gabi,kuma,gazi,tamo,pono,debe,Lo,pumlo,zi5o,limi,dolo,bele,bini,nat,bon,v,f,z,kekezi,ni,te,lilo,dela,naba,suku,wele,na,gama,laNa,ana,mna,wena,tina
SATERFRIESISCH,stq,39,97.5,Ems-Weser Frisian,Eurasia,Indo-European,en,tvo,monsk3,fisk,hund,NA,bom,blEd,hEid,bloud,bunk3,houd3n,or,ox,noz3,tusk,tuN3,knib3l,brust,liuva,drink3,syo,her3,striv3,kum3,stirn,vota,sten,yur,vai,birix,noxt,ful,nEi,nome,sun3,hound3,ik,du,vi
SUNDANESE,sun,38,95,Sundanese,Papunesia,Austronesian,hiji,dua,jalma,lauk,anjiN,NA,taNkal,daun,kulit,getih,tulaN,tanduk,Ceuli,panon,iruN,huntu,letah,tur,pinareup,ati,Ninum,nempo,NadeNe,mate,dataN,bentaN,Cai,batu,seuneu,NA,gunuN,peutiN,pinuh,anyar,Naran,panonpoe,leuNeun,kuriN,anjeun,uraN
SWEDISH,swe,40,100,Swedish,Eurasia,Indo-European,et,to,mEniSxE,fisk,h3n,lus,trEd,lev,Sin,bud,ben,hun,3rE,3gE,nEsE,tEn,t3NE,knE,brEst,lev3r,drikE,se,hurE,de,komE,SEnE,vEt3n,sten,eld,stig,bEr,nEt,f3l,ni,nEmn,sul,hEn,yog,du,vi
SWAHILI,swh,40,100,Swahili,Africa,Atlantic-Congo,moja,mili,tu,samaki,ba,Cawa,ti,jani,Nozi,damu,fupa,peme,sikio,jiCo,pua,jino,limi,goti,fua,ini,5a,ona,sikia,fa,ja,5ota,maji,jiwe,oto,5ia,lima,siku,nene,pa,jina,jua,kono,mimi,wewe,sisi
AMIS_SAKIZAYA,szy,35,87.5,Sakizaya,Papunesia,Austronesian,cacay,tusa7,tatama7,butiN,wacu7,kutu7,kilaN,NA,baN3s,7idaN,7ukak,NA,taNila7,mata7,cih3k,Nip3n,s3ma7,NA,cucu7,watay,minanum,mim3law,mit3Nir,mapatay,tayni,bu7is,nanum,ba7tu,lamal,da8an,NA,labi7,NA,ba7lohay,NaNan,ciral,7ulima7,7ako,7iso,7ita
TAHITIAN,tah,39,97.5,Tahitian,Papunesia,Austronesian,ho7e,piti,ta7ata,i7a,uri,utu,ra7au,rao7ere,iri,toto,ivi,tara,tari7a,mata,ihu,niho,arero,turi,ouma,upa7a,inu,hi7o,fa7aro7o,pohe,haere mai,feti7a,vai,ofa7i,auahi,eatia,mou7a,ru7i,api,api,i7oa,mahana,rima,vau,NA,tatou
TAMIL,tam,40,100,Tamil,Eurasia,Dravidian,onru,irantu,manitan,min,nay,pen,maram,ilai,tol,rattam,elumpu,kompu,katu,kan,mukku,pal,nakku,mulankal,marpu,iral,kuti,kan,kel,Ca,varu,min,tannir,kal,neruppu,vali,malai,iravu,nirainta,putu,peyar,Curiyan,kai,nan,ni,nankal
KAZAN_TATAR,tat,40,100,Tatar,Eurasia,Turkic,ber,ike,kiSi,bal3k,it,bit,axaC,yafrak,tire,kon,siyek,m3g3z,k3lak,kiz,b3r3n,t3S,t3l,t3z,kukrek,baw3r,3C,kir,3S3t,il,kil,y3ld3z,su,taS,parar,yul,taw,kiC,tul3,yaNa,isim,k3yaS,kul,min,sin,biz
ATAYAL,tay,40,100,Atayal,Papunesia,Austronesian,qutux,uSaiN,CuquLiq,quLih,xuyiL,kuhiN,kahuniq,abax,kuahiL,ramux,baqni7,taNuqiy,CaNia7,rawiq,Nuhux,x7nux,hma7,tari7,xuxu7,Sayik,mnubuax,kita,muN,minuqiL,mah,buliq,kuSiya7,batunux,hapuniq,raniq,raxiyax,mhatan,mkaSi7un,iqaS,raLu7,waxi7,qaba7,ikuiN,iSu7,ita7
TULU_INDIA_2,tcy,39,97.5,Tulu,Eurasia,Dravidian,onji,raddu,manuSe,min3,nayi,pen,mara,ira,Cerma,nettar3,ell3,kombu,kebi,kannu,mugu,kuli,nalayi,menakal3gantu,tigala,NA,pariyara,tuwara,kenara,sayyara,barara,nakSatre,nir3,kallu,tuwu,parvata,dari,ratre,dinjidundu,posatta,pudar3,surye,kai,yanu,i,yankulu
DEHONG,tdd,40,100,Tai Nüa,Eurasia,Tai-Kadai,et,soN,kon,pa,ma,hau,mai,f3,laN,l3t,luk,xau,hu,ta,laN,seu,lin,kau,u,tap,ut,han,Nin,lon,ma,lau,lam,hin,fai,taN,loi,xam,im,ma3,c3,lEt,m3,kau,ma3,hau
TELUGU,tel,40,100,Telugu,Eurasia,Dravidian,okati,rendu,manusudu,Cepa,kukka,penu,Cettu,aku,tolu,raktamu,emuku,kommu,Cevi,kannu,mukku,pallu,naluka,mokalu,gunde,kalemanu,tragu,CuCu,vinu,CaCCu,vaCCu,Cukka,nillu,rayi,nippu,margamu,konda,ratri,nindina,kotta,peru,suryudu,Ceyi,nenu,nivu,memu
TETUN,tet,29,72.5,Tetum,Papunesia,Austronesian,NA,NA,ema,ikan,asu,utu,NA,tahan,kulit,ran,ruin,NA,tilun,matan,inur,ne7an,nanan,NA,susun,aten,hemu,hare,rona,mate,mai,kfitun,we,fatuk,ha7i,dalan,NA,kalan,NA,foun,naran,NA,liman,NA,NA,NA
TAJIK,tgk,40,100,Tajik,Eurasia,Indo-European,yak,du,odam,moXi,sag,SabuSk,darat,barg,pust,Xun,ustuXon,SoX,guS,CaSm,bini,danon,zabon,zonu,sina,jigar,nuSidan,didan,Sunidan,murdan,omadan,Stora,ob,san,otaS,paraXa,k3X,Sab,pur,nav,nom,oftob,dast,man,tu,mo
TAGALOG,tgl,40,100,Tagalog,Papunesia,Austronesian,isa,dalawa,tao,isda,aso,kuto,punuNkahoy,dahon,balat,dugo,buto,saNay,teNa,mata,iloN,Nipin,dila,tuhod,susu,atay,inom,tiNin,dinig,patay,datiN,bituin,tubig,batu,apoy,dan,bundok,gabi,puno,bago,paNalan,araw,kamay,ako,ikaw,tayo
KHORAT_THAI,tha,40,100,Thai,Eurasia,Tai-Kadai,n3N,soN,kon,pa,ma,hau,tonmai,baimai,naN,l3at,kaduk,kau,hu,ta,Tamuk,fan,lin,kau,na7ok,tap,kin,hen,daiyin,tai,ma,dau,nam,hin,fai,taNd3n,pukau,kaNk3n,tem,mai,T3,tawan,m3,ku,m3N,kukam3N
TIGRE,tig,40,100,Tigre,Africa,Afro-Asiatic,orot,klot,adam,XaSobat,kalib,kamalat,iCyat,katfat,garob,dam,XaCim,kar,idin,Xen,anif,nib,lisan,birik,tib,kabdat,sata,ra,samXa,mota,mat7a,kokab,may,ibanat,isat,gabay,dabir,lali,mulu7,jadid,sim,intay,ide,ana,inta,Xina
TIGRIGNA,tir,40,100,Tigrinya,Africa,Afro-Asiatic,Xada,k3l3te,sab,Xasa,kalbi,kw3mal,om,qasli,k3rbat,dam,Xasmi,karni,3zni,Xayni,af3nCa,s3ni,malXas,b3rki,darat,kabdi,sataya,ra7aya,samXe,mota,mas7e,kokob,may,3m3ni,Xawi,mangadi,3mba,layti,mulu7,Xadis,s3m,saXay,id,ane,n3s3ka,n3Xna
TALYSH,tly,40,100,North-Central Talysh,Eurasia,Indo-European,i,di,od3m,moy,sip3,sibiZ,do,liv3,pust,xun,ost3,Sox,huS3,C3S,vini,donon,zivon,zoni,sin3,j3x3,peSom,vin,m3s,mord,om,ostov3,ov,six,ot3S,r3d,bond,S3v,pur,toZ3,nom,h3Si,dost,oz,ti,3m3
TONGAN,ton,39,97.5,Tonga (Tonga Islands),Papunesia,Austronesian,taha,NA,taNata,ika,kuli,kutu,fu7u akau,lau,kili,toto,hui,me7atui,teliNa,mata,ihu,nifo,elelo,tui,fatafata,ate,inu,vakai,fanoNo,kau pekia,ha7u,fetu7u,vai,maka,afi,hala,mo7uNa,po7uli,fonu,fo7ou,hiNoa,la7a,nima,ku,koe,ma
TOK_PISIN,tpi,40,100,Tok Pisin,Papunesia,Indo-European,wan,tu,man,pis,dok,laus,diwai,lip,skin,blut,bun,hon,yau,ai,nus,tit,taN,skru biloN lek,susu,lewa,driN,lukim,harim,dai,kam,sta,wara,ston,paia,rot,maunten,nait,pulap,niupela,nem,san,han,mi,yu,yumi
HECUO_TAROKO,trv,35,87.5,Seediq,Papunesia,Austronesian,kiNal,daha,NA,surux,huliN,uhiN,huni,wasaw,ra7il,dara,buT,NA,biraT,dori7,muhiN,gupun,h3ma,NA,unuh,rumul,mimah,mita,mbahaN,mhu7il,miyah,pN3rah,siya,btunux,puni7,3lug,NA,s3karabi,NA,bgurah,haNan,hidaw,baga,yaku,isu7,ita7
TSWANA,tsn,36,90,Tswana,Africa,Atlantic-Congo,nne,bedi,to,tapi,Cwa,nta,tare,tlhare,talo,adi,rapo,naka,cebe,ito,ko,ino,leme,Nole,bele,bete,na,bona,utlwa,swa,tla,ledi,eci,ne,ollo,cela,lomo,sigo,tlala,nCa,ina,caci,NA,NA,NA,NA
TSONGA,tso,36,90,Tsonga,Africa,Atlantic-Congo,ne,mirhi,nhu,hlampfi,byana,hwala,murhh,tlula,hloNe,gati,rhamo,mhono,dleve,ihlo,hompfu,ino,rimi,colo,vele,vini,na,vona,ta,fa,ta,5eleti,ti,bye,cilo,dlela,chava,siku,tala,nchwa,vito,amu,NA,NA,NA,NA
TURKMEN,tuk,39,97.5,Turkmen,Eurasia,Turkic,bir,iki,unsan,baluk,it,NA,bag,yaprak,deri,gan,siNk,Sah,gulak,kez,burun,diS,dil,duz,gevis,bagur,iC,ger,eSit,el,gel,yulduz,suv,daS,ot,yol,dag,gije,dok,tEze,at,gin,el,men,sen,biz
TUMBUKA_MALAWI,tum,36,90,Tumbuka,Africa,Atlantic-Congo,moza,bili,ntu,somba,yimbwa,yinda,khuni,hamba,kumba,dopa,wanga,mphondo,khutu,so,mphuno,ino,lime,khongono,ganga,phapo,mwa,wona,pulika,fwa,fika,nyenyezi,aji,bwe,moto,nthowa,phiri,usiku,zura,phya,zina,zuba,NA,NA,NA,NA
TURKISH,tur,40,100,Turkish,Eurasia,Turkic,bir,iki,sah3s,bal3k,k3pek,bit,ayaC Sejere,yeprak,deri,kan,kemik,bonuz,kulak,delik,burun uj,diS,dil,diz,g3Gis,karajiyer,iCki,g3r,iSitmek,zar,gel,y3ld3z,su,taS,ateS,keCi yolu,da silsilesi,geje,dolugun,yeni,isim,gineS,el,ben,sen,biz
TUVAN,tyv,40,100,Tuvinian,Eurasia,Turkic,bir,iyi,kiSi,bal3q,3t,b3t,iS,biri,keS,qan,sak,m3y3s,qulaq,qaraq,xai,dis,d3l,diskek,taS,bar,iZer,kar,d3Nnar,alir,kelir,s3ld3s,sux,daS,ot,oruq,dax,dina,dolu,ja,at,xin,xol,men,sen,bis
UDMURT,udm,40,100,Udmurt,Eurasia,Uralic,odig,kik,adami,corig,puni,tey,pispu,kuar,ku,vir,li,sur,pel,sin,nir,pin,kil,pides,noni,mus,yu,adj,kil,kul,likt,kizili,vu,iz,til,sures,gurez,uy,tiraz,vil,nim,Sundi,ki,mon,ton,mi
UIGHUR_XINJIANG_YILI_YINING,uig,39,97.5,Uighur,Eurasia,Turkic,bir,ikki,kiSi,beliq,it,pit,dErEX,yopurmoq,terE,qon,seNEk,miNgiz,quloq,kez,burun,CiS,til,tiz,EmCEk,beXir,iC,ker,oNlo,wopot,kEl,yultuz,su,toS,ot,yol,toX,keCE,liq,yeNi,NA,kin,qol,mEn,sEn,biz
UKRAINIAN,ukr,40,100,Ukrainian,Eurasia,Indo-European,odin,dvo,Ludino,ribo,pEs,voSo,dErEvo,list,Skiro,krow,kistko,rih,vuxo,oko,nis,zub,yazik,koLino,hrudi,piCinko,piti,baCiti,Cuti,wmirati,priti,zirko,vodo,komi5,voho5,doroho,horo,niC,powniy,noviy,imyo,sonE,ruko,yo,ti,mi
URDU,urd,39,97.5,Urdu,Eurasia,Indo-European,ek,do,m3rd,m3Cli,kuta,NA,d3r3t,p3ta,jild,xun,h3di,siNg,kan,ak,nak,dat,z3ban,gutna,Cati,jig3r,pi,dek,su,m3r,a,tara,pani,p3t3r,ag,rasta,p3har,rat,b3rna,nea,nam,sur3j,bazu,mE,tum,h3m
UZBEK,uzn,40,100,Northern Uzbek,Eurasia,Turkic,bir,iki,inson,baliq,it,bit,darat,yaproq,teri,qon,suyak,muguz,quloq,koz,burun,tiS,til,tiza,kokrak,baXir,iC,kor,eSit,ol,kel,yulduz,suv,toS,ot,yol,toX,keCa,toq,yaNi,ot,kun,qol,men,sen,biz
VENDA,ven,37,92.5,Venda,Africa,Atlantic-Congo,tihi,bili,tu,kobE,ba,na,ri,tari,kuma,lopa,Samo,NA,4EbE,to,iNo,4o,rimi,NA,damu,NA,na,bona,pa,fa,da,narEci,di,tomo,riro,bira,taba,siku,dara,sa,cina,duba,a4a,ni,u,ri
VEPS_2,vep,40,100,Veps,Eurasia,Uralic,iks,koks,mEz,kolo,koir,tEi,pu,lExtEz,noxk,Cok,lu,sorv,korv,silm,nEno,pi,kEl,komb,niZo,moks,yodo,nExto,kuldo,koldo,tuldo,tExtoz,vEzi,kivi,lEmoi,tEhut,mEgi,E,tEuz,uz,nimi,pEivEinE,kEzi,minE,sinE,mE
JING_GUANGXI_SHANXIN,vie,40,100,Vietnamese,Eurasia,Austroasiatic,mot,hai,Nu3i,ka,kon co,kon yan,k3i,la,ya,mau,su3N,thuN,tai,kon mat,mui,yaN,lu3i,d3u xoi,Nuk,xan,u3N,sEm,NE,cet,lai,thau,nu3k,da,lu3,loi,nui,bat dem,d3i,m3i,ten,mat y3i,tai,tui,mai,cuN toi
FRANS_VLAAMS,vls,39,97.5,Western Flemish,Eurasia,Indo-European,en,tve,mEnS,fiS,unt,lus,bom,blEt,fEl,blut,ben,NA,or3,og3,niuz3,tant,tuN3,kni,borst,lev3r,driNk,zi,or,dot ga,kom,stEr3,vEt3r,sten,fir,vek,berk,nat,ful,nieu,nEm3,zun3,ant,ik,gi,mE
WARAY_WARAY,war,35,87.5,Waray (Philippines),Papunesia,Austronesian,usa,duha,tawo,isda,ayam,tuma,NA,dahon,panit,dugo,tulan,NA,taliNa,mata,iroN,Nipon,dila,NA,dughan,atay,inom,kita,pamati,matay,kanhi,biton,tubig,bato,kayo,dalan,NA,gabi,NA,bago,Naran,adlaw,kamot,ako,ikaw,kita
WALLOON,wln,19,47.5,Walloon,Eurasia,Indo-European,E,NA,om,NA,Ce,NA,NA,NA,pow,NA,NA,NA,oreye,ui,NA,NA,NA,NA,NA,NA,bwEr,NA,Sute,murrir,vnir,twEl,Ew3,NA,fE,vway,NA,NA,pli,novEl,NA,NA,NA,Ce,te,nos
WOLOF_8,wol,35,87.5,Wolof,Africa,Atlantic-Congo,bEnn,5ar,domuadama,jen,xaj,tE5,garab,xob,dEr,dErEt,NA,bejjen,nopp,b3t,bakkan,NA,kallama,om,NA,rEs,nan,gis,degg,dE,dikk,biddew,ndox,doj,lakk,NA,tangor,guddi,fEs,bEs,tur,naj,NA,ma,nga,dunu
SUZHOU_WU,wuu,40,100,Wu Chinese,Eurasia,Sino-Tibetan,ji7,lia,5iN,n,kEi,sic3,z3,s3c3,blfu7,SiE7,kodei,ko7,j3dou,5EjiN,bedei,Nuac3,sEdei,jiamudei,SioN,ku,CE7,kuE,tiN,s3,lE,SiNSiN,s3,zadei,xou,lou,s3,yod3,mE,SiN,miNz3,toya,sEi,No,nE,Sianj3
KALMYK,xal,40,100,Oirad-Kalmyk-Darkhat,Eurasia,Mongolic-Khitan,negn,xor,kun,CExsn,noxE,burg,motn,xEmtxsn,Ersn,cusn,yEsn,owr,Cikn,nutn,xEmr,Sutn,keLn,owtg,kokn,eLkn,ux,ucx,soNsx,ukx,irx,otn,usn,CoLun,xEL,xELx,uL,so,Curn,Sin,nern,nErn,xEr,pi,Ci,bitn
MPONDO,xho,40,100,Xhosa,Africa,Atlantic-Congo,5e,mini,nu,tani,ja,nwala,ti,!abi,kuma,gazi,tamo,pono,debe,so,pumlo,zi5o,limi,dolo,bele,bini,puz,bon,v,f,z,nenezi,ni,te,lilo,dela,naba,suku,wele,na,gama,laNa,anda,mna,wena,tina
MINGRELIAN,xmf,39,97.5,Mingrelian,Eurasia,Kartvelian,arti,Ziri,koCi,Cxomi,joxori,ti,ja,purcEli,tkEbi,zisxiri,dvali,ka,uji,toli,Cxvindi,kibiri,nina,birguli,k3d3ri,CxonCxi,Suma,cirapa,s3ma,xurua,mula,muricxi,cqari,kua,daCxiri,NA,gvala,sEri,opSa,axali,joxo,bZa,xE,ma,si,tkva
YIDDISH_EASTERN,ydd,40,100,Eastern Yiddish,Eurasia,Indo-European,Ens,cvEi,pErzon,fiS,hunt,los,bom,blat,hot,dam,bEn,horn,oy3r,og,noz,con,cuN,kni,brust,lEb3r,triNk3n,zE3n,hErn,Starbn,kom3n,StErn,vas3r,StEn,fay3r,dErEX,barg,nat,ful,nai,nom3n,zun,hant,iX,du,mir
YORUBA,yor,40,100,Yoruba,Africa,Atlantic-Congo,oko,eji,eni5o,Eja,aja,ino,igi,ewe,ara,EjE,egu,iwo,eti,oju,imu,ehi,aho,oroku,omu,Edo,mu,ri,go,ku,wa,irawo,omi,okuta,ino,ono,oke,alE,ku,titu,oruko,oru,owo,emi,iwo,awa
ZEEUWS,zea,40,100,Zeeuws,Eurasia,Indo-European,en3,tve3,mEns3,fis,ont,liz3,bom,blat,fEl,blu3t,ben,orn,or3,ox3,nez3,tant,tuN3,kni3,bost,lev3r,driNk,zi3,or3,dotxa3,kom3,star3,vEt3r,sten,fir,pat,bErk,nat,fol,niw,nEm3,zun3,ant,ik3,ji,ons
MALAY,zlm,40,100,Central Malay,Eurasia,Austronesian,satu,dua,oraN,ikan,anjiN,kutu,poko7,daun,kulit,darah,tulaN,tandu7,teliNa,mata,hiduN,gigi,lidah,lutut,dada,hati,minum,melihat,mendeNar,mati,dataN,bintaN,air,batu,api,jalan,gunuN,malam,penuh,baru,nama,matahari,taNan,saya,anda,kita
NGONI_2,zul,40,100,Zulu,Africa,Atlantic-Congo,5e,wili,nu,Sani,ja,nana,muti,geme,kuma,gazi,tamo,pono,sewe,so,pumulo,zi5o,limi,doro,wele,bini,puz,bon,z,f,z,ka5ezi,ni,Ce,baso,jera,nawa,siku,qaw,Ca,bizo,raNa,Cana,mine,wena,tini
LONGZHOU_ZHUANG,zzj,40,100,Zuojiang Zhuang,Eurasia,Tai-Kadai,n3N,LoN,k3n,pa,ma,min,mai7,ba3,naN,l3t,duk,kok,pihu,makha,makdaN,keu,lin,paukau,num,tap,kin,Nojhan,tiNhin,hai,ma,daudi,nam,hin,fai,loLaikai,pa,taNkam,tiam,ma3,miNci,havan,m3,No,ni,Noti
